"id","site","job_url","job_url_direct","title","company","location","date_posted","job_type","salary_source","interval","min_amount","max_amount","currency","is_remote","job_level","job_function","listing_type","emails","description","company_industry","company_url","company_logo","company_url_direct","company_addresses","company_num_employees","company_revenue","company_description"
"li-4108711787","linkedin","https://www.linkedin.com/jobs/view/4108711787","","Graduate Software Engineer","AlphaSights","London, England, UK","2025-11-29","fulltime","","","","","","","internship","","","[]","**The Role**
We are looking for highly driven, aspiring software engineers who take pride in their work, to expand our Engineering team in London. Successful candidates will join a cross functional team including product managers and designers working closely with the rest of our business to deliver working code that solves real problems for both internal and external customers. You will take ownership of the problems that your team solves, ensuring a high level of quality in everything that we release, working as part of a top performing international development team. If you have a strong passion for solving problems with code, and want to work with exceptional colleagues in a high achievement environment, this role is a good fit for you.
  
  
**What You’ll Do**

* Design solutions: Define the best technical solutions to business problems, contributing to an architectural vision that will scale up to be the world's leading research platform.
* Ship working code: We primarily work with React on the frontend and Kotlin microservices with Postgres on the backend, with some older services written in Ruby on Rails. We’ve always got an eye open to assess new technologies that might improve our stack.
* Deploy and iterate: We release frequently to our customers, using CIrcleCI and Spinnaker for CI/CD, and quickly gather feedback in order to inform our next iteration.
* Build your competency: You will learn quickly by building market-leading technology with experienced colleagues in a high performance environment. Engineers can also use our L&D budget to fast-track development of specific technical competencies.
* Maintenance and troubleshooting: Carefully monitor our services, catching errors before users notice them, diagnosing the root cause and deploying fixes.

**Who You Are**

* You are pursuing a degree in Computer Science, or a related field.
* Technical expertise with Kotlin, Java or Python.
* Proven track record – you have clear accomplishments both in and out of university, standing out from your peers.
* You have practical experience, applying your technical skills in a professional environment.
* You have excellent communication skills, collaborating closely and effectively with teammates.
* Highly driven and proactive – you relentlessly and independently push through hurdles and drive towards excellent outcomes.
* Meticulous – you hold high standards and have an obsessive attention to detail.

Learn more about our tech organisation here.
  
  
Don't worry if your experience or background doesn't match all of these areas, we believe a broad spectrum of experience provides great perspective on solving problems in new and innovative ways and we’d love to hear from you.
  
  
AlphaSights is an equal opportunity employer.","Information Services","https://uk.linkedin.com/company/alphasights","","","","","",""
"li-4334578335","linkedin","https://www.linkedin.com/jobs/view/4334578335","","Software Engineer (C++ or Python) – 2026 Grads","Hudson River Trading","London, England, UK","2025-11-28","fulltime","","","","","","","mid-senior level","","","[]","As a Software Engineer at Hudson River Trading (HRT), the code you write
*is*
our business. Our engineers create and maintain critical technology and infrastructure that is integral to the success of our trading. In this role, you will work closely with other engineers across the firm who design trading algorithms and monitor trading in an extremely fast-paced, real-time environment! We are looking for smart programmers who love to code, enjoy being challenged, and can thrive in an open and collaborative company culture.

**Profile**

* In your spare time you: code, tinker, read, explore, break things, and have an insatiable curiosity for all things computer-related — you'll find like-minded people here
* You are capable of working both independently, as well as part of a team and can analyze and fix problems quickly
* You can look at code, figure out how it works, and identify how to make it better
* You can describe software designs at a high level (the abstract interface), low level (step-by-step algorithm), and anywhere in between
* You really like to work with people who push you to be better at what you do

**Qualifications**

**You are a full-time undergraduate student studying computer science or a related field who is eligible for full-time roles in 2026.**

* Excellent design, debugging, and problem solving skills
* Working experience with C/C++ or Python is required, as are good CS fundamentals
* Knowledge of UNIX operating systems (we use Linux), system/processor performance, and network communication
* Interest in low-level architecture, logic design, and/or verification is a plus

**Culture**

Hudson River Trading (HRT) brings a scientific approach to trading financial products. We have built one of the world's most sophisticated computing environments for research and development. Our researchers are at the forefront of innovation in the world of algorithmic trading.
  
  

At HRT we welcome a variety of expertise: mathematics and computer science, physics and engineering, media and tech. We’re a community of self-starters who are motivated by the excitement of being at the cutting edge of automation in every part of our organization—from trading, to business operations, to recruiting and beyond. We value openness and transparency, and celebrate great ideas from HRT veterans and new hires alike. At HRT we’re friends and colleagues – whether we are sharing a meal, playing the latest board game, or writing elegant code. We embrace a culture of togetherness that extends far beyond the walls of our office.
  
  
Feel like you belong at HRT? Our goal is to find the best people and bring them together to do great work in a place where everyone is valued. HRT is proud of our diverse staff; we have offices all over the globe and benefit from our varied and unique perspectives. HRT is an equal opportunity employer; so whoever you are we’d love to get to know you.","Capital Markets","https://www.linkedin.com/company/hudson-river-trading","","","","","",""
"li-4334448689","linkedin","https://www.linkedin.com/jobs/view/4334448689","","Software Engineering Internship – Summer 2026","Hudson River Trading","London, England, UK","2025-11-28","internship","","","","","","","mid-senior level","","","[]","Hudson River Trading (HRT) is seeking highly motivated full-time students for our Software Engineering Summer Internship Program. We are looking for smart programmers who love to code, love to learn, and can thrive in an entrepreneurial environment. At HRT, our engineers create and maintain critical technology and infrastructure that is integral to the success of our trading.

**What to Expect**

* A hands-on introduction to all technical facets of software engineering in the algorithmic trading industry
* Independent programming projects in Python, C, or C++, depending on the needs of the project
* As you go through structured and hands-on trainings, you’ll transition right into projects within the first week
* You'll have an opportunity to learn all about HRT's research and trading infrastructure, even in areas you may not be working in directly
* In addition to technical project work and mentorship, you’ll also gain a deeper understanding of global financial markets

**Qualifications**

* You are a full-time undergraduate student studying computer science or a related field who is eligible for full-time roles in 2027
* Programming experience in Python, C or C++ is required
* A passion for technology and writing code that is elegant, readable, and efficient
* Exceptional problem solving skills
* Strong communication skills
* Knowledge of trading and/or financial markets is
  ***not required***
  for this position

**Culture**

Hudson River Trading (HRT) brings a scientific approach to trading financial products. We have built one of the world's most sophisticated computing environments for research and development. Our researchers are at the forefront of innovation in the world of algorithmic trading.
  
  

At HRT we welcome a variety of expertise: mathematics and computer science, physics and engineering, media and tech. We’re a community of self-starters who are motivated by the excitement of being at the cutting edge of automation in every part of our organization—from trading, to business operations, to recruiting and beyond. We value openness and transparency, and celebrate great ideas from HRT veterans and new hires alike. At HRT we’re friends and colleagues – whether we are sharing a meal, playing the latest board game, or writing elegant code. We embrace a culture of togetherness that extends far beyond the walls of our office.
  
  
Feel like you belong at HRT? Our goal is to find the best people and bring them together to do great work in a place where everyone is valued. HRT is proud of our diverse staff; we have offices all over the globe and benefit from our varied and unique perspectives. HRT is an equal opportunity employer; so whoever you are we’d love to get to know you.","Capital Markets","https://www.linkedin.com/company/hudson-river-trading","","","","","",""
"li-4339410035","linkedin","https://www.linkedin.com/jobs/view/4339410035","","Software Engineer - MySQL (Remote)","Percona","London, England, UK","2025-11-28","fulltime","","","","","","","entry level","","","[]","Percona is looking for a flexible and efficient C/C++ Software Engineer to join its Open Source Software Development team.
  
  
You will work on the Percona Server for MySQL, Percona XtraBackup, Percona XtraDB Cluster and Oracle MySQL.
  
  
You will work from your home office, using online tools and resources to contribute to a fast moving and high quality development environment for Percona and its customers. Travel approximately once per year for meetings. Access to a reliable high-speed internet connection is required.
  
  
Flexible work hours. Laptop & Internet access are provided.
  
  
**What You Will Do:**

* Design and implement new features and improvements
* Diagnose and fix defects in Percona Server for MySQL, Percona XtraBackup, Percona XtraDB Cluster and Oracle MySQL products
* Perform periodic source code merges from other open source repositories
* Contribute to upstream projects that we leverage to bring our own solutions to the community
* Develop test cases for continuous integration deployment
* Participate in code and design reviews
* Mentor and guide other team members in their own career development
* Blog, present and evangelize our software to help increase adoption and keep our thriving community growing
* Engage with other departments in Percona to ensure we’re delivering value driven solutions

**What Have You Done:**

* Bachelor's degree in Computer Science or a related field, or equivalent experience
* Ability to speak, listen and write effectively in fluent English
* Minimum 2+ years of experience in C/C++ development and object oriented design
* Strong understanding of SQL databases, preferably MySQL
* Strong understanding of DBMS internal algorithms such as those used in query optimiser, B-tree indexing, multiversion concurrency control, ARIES crash recovery, and others
* Strong understanding of compression and encryption algorithms and techniques
* Experience with client/server or distributed network communication systems
* Experience with high concurrency threading models, atomics, and locking primitives
* Knowledge of various programming and scripting languages such as BASH, Perl, and Python
* Proficiency with tools like gdb and strace
* Proficiency with git, github, and source code management methodologies
* Knowledge of Open Source software concepts and community

**What Will Make You Stand Out:**

* Knowledge of high-performance algorithms on modern multicore hardware
* Established history of driving performance enhancements
* Proven experience in implementing features in Databases
* Experience with Continuous Integration and Continuous Delivery tools such as Jenkins, CircleCI, and Travis
* Experience with issue tracking, communication, and information sharing tools such as JIRA, G-Suite, Slack
* Experience/familiarity with various Linux distribution packaging systems
* Experience with virtualization and containment tools such as OpenVZ, VirtualBox, Docker, Kubernetes, etc
* Experience in Linux systems administration, including suitable expertise with file systems, hardware, and networking
* Success working in a distributed environment where e-mail, Slack, and voice calls are the only interactions with clients, colleagues, and managers on a daily basis
* Ability to work autonomously and mostly asynchronously with the rest of the team

**Why Percona?**
At Percona, we believe an open world is a better world. Our mission is to enable everyone to innovate freely, by providing the best open source database software, support, and services. We make databases and applications run better through a unique combination of expertise and open source software built with the community for you. Our technical teams are experts in MySQL, MongoDB, PostgreSQL, and MariaDB.
  
  
Percona is proud to be a remote-only and globally dispersed workforce – we have colleagues in more than 50 countries! We offer a collaborative, highly-engaged culture where your ideas are welcome and your voice is heard.
  
  
Our staff receives generous benefits including flexible work hours and various paid time off programs, all your equipment for your remote office, funds for career development (external training, certifications, conferences), ongoing connectivity allowances, and the opportunity to participate in our equity incentive plan. We also have benefits that support a healthy work/life balance such as The Percona Adventure Team, Work-from-Anywhere, FlowDays, FryDays, and overall flexibility. We also support being socially responsible through our PAVE volunteering program and Women Transforming Technology.
  
  
If you love the idea of working with a high-growth tech company that is one of the best in the business and known globally as a leader in the open-source database space, let’s talk!
  
  
Connect with us and stay up to date on our latest news and developments by following us on LinkedIn and Twitter. We look forward to connecting with you!","Software Development","https://www.linkedin.com/company/percona","","","","","",""
"li-4149696449","linkedin","https://www.linkedin.com/jobs/view/4149696449","","Software Engineer (Python)- UK","Prima","London, England, UK","2025-11-26","fulltime","","","","","","","mid-senior level","","","talent.acquisition@prima.it","Are you looking for a new challenge?
  
  
Fancy helping us shape the future of motor insurance?
  
  
Prima could be the place for you.
  
  
Since 2015, we’ve been using our love of data and tech to rethink motor insurance and bring drivers a great experience at a great price. Our story began in Italy, where we’ve quickly become the number one online motor insurance provider. In fact, we’re trusted by over 4 million drivers. And now we’re expanding to help millions more drivers in the UK and Spain.
  
  
To help fuel that growth, we need a
**Software Engineer**
to join our
**Engineering team.**
This team is the beating heart of Prima.
  
  
You’ll be joining over 300 engineers across software development, infrastructure, operations and security. Fueled by curiosity, experimentation and collaboration, you’ll help deliver scalable, impactful solutions that shape the future of insurance.
  
  
**Excited to make an impact? Here are the details**
As a
**Software Engineer**
in the Pricing Domain, you will play a crucial role in shaping the future of insurance pricing and underwriting. You'll be at the forefront of designing and developing innovative solutions that bridge the gap between business, data science, and engineering.
  
  
Prima's Pricing and Underwriting technology streamlines the creation and updating of insurance tariffs, automating routine tasks and reducing the time for introducing new tariffs. It eliminates manual, repetitive work from the process and offers scalability and flexibility. It enables easy access to high-quality data and provides tools for troubleshooting and explaining pricing behavior. This technology empowers Pricing Data Scientists and Underwriters, resulting in significant time savings and enhanced efficiency. It has a positive impact on Customer Service Agents and Intermediaries, ultimately improving the experience and providing great prices for Prima's end customers.
  
  
**What You’ll Do**

* Take the lead in developing the tools, microservices and infrastructure for our pricing and underwriting projects
* Work in a dynamic team of engineers within the Pricing Domain, providing technical guidance, mentorship, and support
* Collaborate closely with product managers and our stakeholders, including data scientists, to deliver high-quality pricing solutions
* Grow, read, stay up-to-date with emerging technologies, tools, and trends to ensure Prima remains at the cutting edge of insurance technology

**What We’re Looking For**

* 3+ years of experience in software development with Python
* Strong knowledge of software design and architecture
* Proficiency in software development practices like TDD and BDD, ensuring our code is marked by quality, readability, and maintainability
* Passion for programming, willingness to explore new technologies, and a commitment to coding best practices
* Practical Knowledge of CI/CD, IaC, containerization technologies
* Experience working with messaging/streaming platforms (e.g. Kafka, RabbitMQ) and designing relational databases (e.g., MySQL, PostgreSQL)
* Strong English communication and interpersonal skills, with the ability to collaborate effectively with multidisciplinary teams

**Nice-to-Have**

* Practical Knowledge of Rust/Elixir
* Proficiency in cloud-based systems (preferably AWS)
* Previous experience with data orchestration tools and frameworks (preferably Databricks)
* Familiarity with Domain Driven Design
* Experience in infrastructure as code (e.g. Terraform, CloudFormation, Pulumi), container orchestration (e.g. K8s, Knative) and Service mesh
* Experience in ML, MLOps or Data science
* Previous exposure to insurance or pricing related fields

**Please, keep in mind that we are evaluating mid and senior-level profiles.**
**Why You’ll Love It Here**
We want to make Prima a happy and empowering place to work. So if you decide to join us, you can expect plenty of perks.
  
  
**🤸 Work Your Way:**
Enjoy full flexibility – work from home, the office or a mix of both. Plus, work from anywhere for up to 30 days a year.
  
  
🏁
**Grow with us:**
We may move fast at Prima, but we move together. Get access to learning resources, mentorship and a growth plan tailored to you.
  
  
🌈
**Thrive and perform:**
Your best work begins when you feel your best. Enjoy private healthcare, gym discounts, wellbeing programs and mental health support.
  
  
Think you’re a match?
**Apply now**
.
  
  
At Prima, we celebrate uniqueness. If you don’t meet every requirement but are passionate about this role, we still want to hear from you. Innovation thrives on diverse perspectives.
  
*Prima is proud to be an equal opportunity employer. Need accommodations during the process? Email us at talent.acquisition@prima.it. Let’s build the future of insurance, together.*","Insurance","https://it.linkedin.com/company/prima-assicurazioni","","","","","",""
"li-4048324906","linkedin","https://www.linkedin.com/jobs/view/4048324906","","Front-End Engineer, Institutional","Blockchain.com","London Area, United Kingdom","2025-11-26","fulltime","","","","","","","entry level","","","dpo@blockchain.com, dpo@blockchain.com","**Blockchain.com**
is connecting the world to the future of finance. As the most trusted and fastest-growing global crypto company, it helps millions of people worldwide safely access cryptocurrency. Since its inception in 2011, Blockchain.com has earned the trust of over 90 million wallet holders and more than 40 million verified users, facilitating over $1 trillion in crypto transactions.
  
  
**Blockchain is the world's leading software platform for digital assets. Founded in 2011, we provide the world’s largest and most trusted production blockchain platform, powering more than 75 million wallets. Together with our platform of liquidity and execution services, we share the passion to build an open, accessible and fair financial future, one piece of software at a time.**
We are looking to hire a
**Front-End Engineer**
to join our Institutional team in our London office. Blockchain.com is a high-performance culture marked by fearlessness and hyper productivity. You are a hardworking team player with a desire to learn and grow with us, someone who can work harder, faster, and smarter to deliver tangible results and process improvements.
  
  
**WHAT YOU WILL DO**

* Build out a new set of UIs for the institutional team, with deep consideration for UX and performance.
* Develop innovative visualizations of the user portfolio and responsive UIs.
* Work closely with our traders through implementation to build optimized and efficient internal tools.
* Write well-tested, reliable code for use by trading, operation and support teams with large amounts of data and live updates.
* Proactively collaborate with team members, ensuring the sharing of knowledge and efficient division of labor.
* Work on the most interesting and challenging problems in the cryptocurrency space.
* Get exposure to the latest technologies and developments in a technology and product driven company.
* Work on an industry-leading product with millions of users.

**WHAT YOU WILL NEED**

* The foremost quality for this position or any position at Blockchain.com is integrity.
* At least 2 years of experience working with JavaScript and client-side web applications preferred.
* Experience building innovative data visualizations.
* You thrive on learning new technologies and don’t believe in one-size-fits-all solutions. That being said, you can expect to work with React, TypeScript, NextJS, Styled Components
* You have experience with AI-assisted development tools like Cursor to enhance productivity and streamline coding workflow.
* You have experience interacting with crypto apps.
* You have experience working with Front-End architecture, testing and state management solutions.
* You should be able to adapt easily to meet the needs of our massive growth and rapidly evolving business environment.
* You rely on others' candid feedback for continuous improvement.
* You understand requirements beyond the written word and have a sharp eye.
* Strong analytical and problem solving skills.

**COMPENSATION & PERKS**

* Full-time salary based on experience and meaningful equity in an industry-leading company
* Hybrid model working from home & awesome office location in London
* Unlimited vacation policy; work hard and take time when you need it
* Apple equipment
* Work from Anywhere Policy: You can work remotely from anywhere in the world for up to 20 days per year.
* The opportunity to be a key player and build your career at a rapidly expanding, global technology company in an emerging field
* Flexible work culture

*Blockchain is committed to diversity and inclusion in the workplace and is proud to be an equal opportunity employer. We prohibit discrimination and harassment of any kind based on race, religion, color, national origin, gender, gender expression, sex, sexual orientation, age, marital status, veteran status, disability status or any other characteristic protected by law. This policy applies to all employment practices within our organization, including hiring, recruiting, promotion, termination, layoff, recall, leave of absence, and apprenticeship. Blockchain makes hiring decisions based solely on qualifications, merit, and business needs at the time.*
*You may contact our Data Protection Officer by email at dpo@blockchain.com. Your personal data will be processed for the purposes of managing Controller’s recruitment related activities, which include setting up and conducting interviews and tests for applicants, evaluating and assessing the results thereto, and as is otherwise needed in the recruitment and hiring processes. Such processing is legally permissible under Art. 6(1)(f) of Regulation (EU) 2016/679 (General Data Protection Regulation) as necessary for the purposes of the legitimate interests pursued by the Controller, which are the solicitation, evaluation, and selection of applicants for employment.*
*Your personal data will be shared with Greenhouse Software, Inc., a cloud services provider located in the United States of America and engaged by Controller to help manage its recruitment and hiring process on Controller’s behalf. Accordingly, if you are located outside of the United States, your personal data will be transferred to the United States once you submit it through this site. Because the European Union Commission has determined that United States data privacy laws do not ensure an adequate level of protection for personal data collected from EU data subjects, the transfer will be subject to appropriate additional safeguards under the standard contractual clauses.*
*Your personal data will be retained by Controller as long as Controller determines it is necessary to evaluate your application for employment. Under the GDPR, you have the right to request access to your personal data, to request that your personal data be rectified or erased, and to request that processing of your personal data be restricted. You also have the right to data portability. In addition, you may lodge a complaint with an EU supervisory authority.*
*Blockchain is committed to diversity and inclusion in the workplace and is proud to be an equal opportunity employer. We prohibit discrimination and harassment of any kind based on race, religion, color, national origin, gender, gender expression, sex, sexual orientation, age, marital status, veteran status, disability status or any other characteristic protected by law. This policy applies to all employment practices within our organization, including hiring, recruiting, promotion, termination, layoff, recall, leave of absence, and apprenticeship. Blockchain makes hiring decisions based solely on qualifications, merit, and business needs at the time.*
*You may contact our Data Protection Officer by email at dpo@blockchain.com. Your personal data will be processed for the purposes of managing Controller’s recruitment related activities, which include setting up and conducting interviews and tests for applicants, evaluating and assessing the results thereto, and as is otherwise needed in the recruitment and hiring processes. Such processing is legally permissible under Art. 6(1)(f) of Regulation (EU) 2016/679 (General Data Protection Regulation) as necessary for the purposes of the legitimate interests pursued by the Controller, which are the solicitation, evaluation, and selection of applicants for employment.*
*Your personal data will be shared with Greenhouse Software, Inc., a cloud services provider located in the United States of America and engaged by Controller to help manage its recruitment and hiring process on Controller’s behalf. Accordingly, if you are located outside of the United States, your personal data will be transferred to the United States once you submit it through this site. Because the European Union Commission has determined that United States data privacy laws do not ensure an adequate level of protection for personal data collected from EU data subjects, the transfer will be subject to appropriate additional safeguards under the standard contractual clauses.*
*Your personal data will be retained by Controller as long as Controller determines it is necessary to evaluate your application for employment. Under the GDPR, you have the right to request access to your personal data, to request that your personal data be rectified or erased, and to request that processing of your personal data be restricted. You also have the right to data portability. In addition, you may lodge a complaint with an EU supervisory authority.*","IT Services and IT Consulting, Technology, Information and Internet, and Financial Services","https://uk.linkedin.com/company/blockchain","","","","","",""
"li-4334360893","linkedin","https://www.linkedin.com/jobs/view/4334360893","","Backend Engineer - User Platform","Spotify","London, England, UK","2025-11-26","fulltime","","","","","","","mid-senior level","","","[]","We’re looking for a Backend Engineer II to join the User Platform (UP) studio, part of Spotify’s Platform Mission.
  
  
User Platform is responsible for Spotify’s Customer Identity and Access Management (CIAM) capabilities - the foundation that connects users with Spotify and Spotify with its users.
  
  
We build and operate the systems that store and serve user account data in a way that is compliant, reliable, cost-effective, and ensures data integrity. Our work powers many of the core services that enable Spotify to deliver seamless access to the audio experiences enjoyed by over 700 million users worldwide.
  
  
What You'll Do
  
  

* Design, develop, and deploy backend services and APIs that power Spotify's user management systems.
* Collaborate with different cross-disciplined teams on complex problems.
* Maintaining business-critical Spotify user data pipelines, ensuring high availability, stability, and adherence to SLAs.
* Embrace and promote sound engineering practices and contribute to a culture of high-quality, scalable, and reliable systems.
* Actively contribute to our learning culture by sharing knowledge and mentoring other engineers.
* Leverage AI to improve our systems, automate tasks, and drive business impact. We believe in ""AI Fluency"" and expect our engineers to be knowledgeable and willing to learn and apply AI to their work

Who You Are
  
  

* You are a seasoned backend engineer with a proven track record of designing, building, and operating distributed systems.
* You have a T-shaped skill set, with deep expertise in Java backend development and a desire to learn and contribute to related areas like data engineering.
* You are a proactive collaborator who can operate across the stack and are not afraid to learn new skills to unblock yourself and your team.
* You are an expert in modern Java development, with practical experience in building and optimising high-traffic, highly available backend services. Knowledge of Scala and/or C++ is a plus.
* You have proven experience in systems architecture, data analysis, and building resilient distributed services.
* You believe in operating across the entire stack and can learn the skills needed to unblock yourself and your team.
* You have a passion for learning new technologies, including AI, and are keen to apply them to solve business problems.
* You are an exceptional communicator, capable of translating complex technical concepts for both technical and non-technical stakeholders with clarity and precision.
* You are an inclusive colleague who thrives in a collaborative, agile environment.

Where You'll Be
  
  

* This role is based in London, United Kingdom or Stockholm, Sweden.
* We offer you the flexibility to work where you work best! There will be some in person meetings, but still allows for flexibility to work from home.

Spotify is an equal opportunity employer. You are welcome at Spotify for who you are, no matter where you come from, what you look like, or what’s playing in your headphones. Our platform is for everyone, and so is our workplace. The more voices we have represented and amplified in our business, the more we will all thrive, contribute, and be forward-thinking! So bring us your personal experience, your perspectives, and your background. It’s in our differences that we will find the power to keep revolutionizing the way the world listens.
  
  
At Spotify, we are passionate about inclusivity and making sure our entire recruitment process is accessible to everyone. We have ways to request reasonable accommodations during the interview process and help assist in what you need. If you need accommodations at any stage of the application or interview process, please let us know - we’re here to support you in any way we can.
  
  
Spotify transformed music listening forever when we launched in 2008. Our mission is to unlock the potential of human creativity by giving a million creative artists the opportunity to live off their art and billions of fans the chance to enjoy and be passionate about these creators. Everything we do is driven by our love for music and podcasting. Today, we are the world’s most popular audio streaming subscription service.","Musicians","https://se.linkedin.com/company/spotify","","","","","",""
"li-4333967521","linkedin","https://www.linkedin.com/jobs/view/4333967521","","Software Engineer - Java","Rightmove","London, England, UK","2025-11-26","fulltime","","","","","","","entry level","","","[]","Role: Backend Engineer (Java)
  
  
Location: London (Hybrid - 2 days in the London Office)
  
  
Reports to: Engineering Manager
  
  
The role
  
  
We are on a mission to make home moving easier and simpler. Home movers across the UK spend more than a billion minutes on Rightmove each month and our website and apps receive over 140 million visits per month. To support our mission, we need software engineers with vision and passion to deliver innovative and exciting solutions for our internal users, working on in house applications and microservices integrated with third party applications that underpin how Rightmove operates.
  
  
At Rightmove we work in autonomous cross-functional teams using Agile processes. Each team owns a part of the Rightmove experience made up of design, product, engineering and testing specialists. You will collaborate to ensure we deliver quality solutions that satisfy millions of users, thousands of agents and hundreds of passionate Rightmovers. You will be responsible for defining solutions to business and technical problems in a way which ensures maintainability, scalability and high-performance standards.
  
  
To find out more about our tools, tech and people, head to our tech blog.
  
  
What you'll be doing
  
  

* Develop new features and improvements using Java 17+, Spring Boot, Elasticsearch, Kafka, Gradle, Hibernate, Couchbase, SQL, and Docker.
* Collaborate cross-functionally with internal teams and stakeholders to align on goals and requirements.
* Balance feature development with technical debt, making thoughtful trade-offs based on timing and impact.
* Ensure high-quality, secure, and extensible code that meets current and future needs.
* Communicate effectively with stakeholders and third parties to align technical solutions with business objectives.
* Advocate for emerging technologies that drive value and align with the company roadmap.

We're looking for someone who
  
  

* Commercial experience with Java 17+, Spring Boot, and Kafka.
* Proven collaboration on complex projects.
* Strong collaboration, coordination, and solution-oriented mindset.
* Clear understanding of testing best practice and pipeline optimisation.
* Enjoys delivering high quality code and likes to debate the merits of different solutions
* Has a keen interest in the performance of live applications and how our user’s use them
* Wants to use the latest technologies and takes initiative to improve the way the team works
* Looks to share their knowledge with the rest of the product development team
* Likes to ask questions and use the experience of those around them
* Has a sense of ownership and responsibility for the work you and your team deliver

**About Rightmove**
Our vision is to give everyone the belief they can make their move. We aim to make moving simpler, by giving everyone the best place to turn to and return to for access to the tools, expertise, trust and belief to make it happen.
  
  
We're home to the UK's largest choice of properties, and are the go-to destination for millions of people planning their next move, reading the latest industry news, or just browsing what's on the market.
  
  
Despite this growth, we’ve remained a friendly, supportive place to work, with employee #1 still working here! We’ve done this by placing the Rightmove How's at the heart of everything we do. These are the essential values that reflect our culture, and include:
  
  

* We create value…by delivering results and building trust with partners and consumers.
* We think bigger…by acting with curiosity and setting bold aspirations.
* We care deeply…by being real, having fun, and valuing diversity.
* We move together…by being one team - internally collaborative, externally competitive.
* We make a difference…by focusing on delivering measurable impact.

We believe in careers that open doors, and help our team develop by providing an open and inclusive work environment, offering ongoing training opportunities, and supporting charity fundraising events. And with 88% of Rightmovers saying we’re a great place to work, we’re clearly doing something right!
  
  
If all this has caught your eye, you may well be a Rightmover in the making...
  
  
What we offer
  
  
People are the foundation of Rightmove - We’ll help you build a career on it.
  
  

* Cash plan for dental, optical and physio treatments
* Private Medical Insurance, Pension and Life Insurance, Employee Assistance Plan
* 27 days holiday plus two (paid) volunteering days a year to give back, and holiday buy schemes
* Hybrid working pattern with 2 days in office
* Contributory stakeholder pension
* Life assurance at 4x your basic salary to a spouse, family member or other nominated person in your life
* Competitive compensation package
* Paid leave for maternity, paternity, adoption & fertility
* Travel Loans, Bike to Work scheme, Rental Deposit Loan
* Charitable contributions through Payroll Giving and donation matching
* Access deals and discounts on things like travel, electronics, fashion, gym memberships, cinema discounts and more

As an Equal Opportunity Employer, Rightmove will never discriminate on the basis of age, disability, sex, race, religion or belief, gender reassignment, marriage/civil partnership, pregnancy/maternity, or sexual orientation.
  
  
At Rightmove, we believe that a diverse and inclusive workforce leads to better innovation, productivity, and overall success. We are committed to creating a welcoming and inclusive environment for all employees, regardless of their background or identity, to develop and promote a diverse culture that reflects the communities we serve.
  
  
Ultimately, we care much more about the person you are, and how you think and approach things, than a list of qualifications and buzzwords on a CV. Even if you can’t say ‘yes’ to all the above, but are smart, self-motivated and passionate about this role, then get in touch.","Technology, Information and Internet","https://uk.linkedin.com/company/rightmove","","","","","",""
"li-4338748921","linkedin","https://www.linkedin.com/jobs/view/4338748921","","Software Engineer","hackajob","London Area, United Kingdom","2025-11-25","fulltime","","","","","","","mid-senior level","","","[]","Push the limits of what’s possible with us as an experienced member of our Software Engineering team.

As an Experienced Software Engineer at JPMorganChase within the Global Technology team, you serve as member of an agile team to design and deliver trusted market-leading technology products in a secure, stable, and scalable way. Depending on the team that you join, you could be developing mobile features that give our customers and clients more control over how they bank with us, strategizing on how big data can make our trading systems quicker, creating the next innovation in payments for merchants, or supporting the integration of our private and public cloud platforms.

**Job Responsibilities**

* Participates in, design and develop scalable and resilient systems using Java or Python to contribute to continual, iterative improvements for product teams
* Executes software solutions, design, development, and technical troubleshooting
* Creates secure and high-quality production code and maintains algorithms that run synchronously with appropriate systems
* Produces or contributes to architecture and design artifacts for applications while ensuring design constraints are met by software code development
* Gathers, analyzes, synthesizes, and develops visualizations and reporting from large, diverse data sets in service of continuous improvement of software applications and systems
* Identifies hidden problems and patterns in data and uses these insights to drive improvements to coding hygiene and system architecture
* Contributes to software engineering communities of practice and events that explore new and emerging technologies
* Adds to team culture of diversity, opportunity, inclusion, and respect

**Required qualifications, capabilities, and skills**

* Hands-on practical experience in system design, application development, testing and operational stability
* Proficient in coding in Java or Python languages
* Experience in developing, debugging, and maintaining code in a large corporate environment with one or more modern programming languages and database querying languages
* Overall knowledge of the Software Development Life Cycle
* Understanding of agile methodologies such as CI/CD, Application Resiliency, and Security
* Knowledge of software applications and technical processes within a technical discipline (e.g., cloud, artificial intelligence, machine learning, mobile, etc.)

**Preferred qualifications, capabilities, and skills**

* Familiarity with modern front-end technologies
* Exposure to cloud technologies

**Your Role Level**

JPMorganChase is looking to hire Software Engineers at Software Engineer II and Software Engineer III levels. A determination will be made on placement for successful candidates based on the results of a skills-based assessment which applicants will be asked to complete during the hiring process, as well as, the candidate interview. The assessment will evaluate ability to perform basic coding and systems design responsibilities. For the Software Engineer II level, the role requires the ability to understand advance features of a coding language, design a viable system, and solve functional problems through basic language applications. For the Software Engineer III level, the role requires a higher level of proficiency and the ability to function independently, including the ability to use and explain advance features of a coding language, design systems across technologies and platforms, solve functional and non-functional problems through an application of language best practices, as well as, the ability to assess issues broadly, identify alternative or innovative solutions, collaborate effectively, and provide guidance to others.

**About Us**

JPMorganChase, one of the oldest financial institutions, offers innovative financial solutions to millions of consumers, small businesses and many of the world’s most prominent corporate, institutional and government clients under the J.P. Morgan and Chase brands. Our history spans over 200 years and today we are a leader in investment banking, consumer and small business banking, commercial banking, financial transaction processing and asset management.

We recognize that our people are our strength and the diverse talents they bring to our global workforce are directly linked to our success. We are an equal opportunity employer and place a high value on diversity and inclusion at our company. We do not discriminate on the basis of any protected attribute, including race, religion, color, national origin, gender, sexual orientation, gender identity, gender expression, age, marital or veteran status, pregnancy or disability, or any other basis protected under applicable law. We also make reasonable accommodations for applicants’ and employees’ religious practices and beliefs, as well as mental health or physical disability needs. Visit our FAQs for more information about requesting an accommodation.

About the Team

Our Global Technology team relies on smart, driven people like you to develop applications and provide tech support for all our global functions across our network. Your efforts will touch lives all over the financial spectrum and across all our lines of business: Consumer & Community Banking, Asset & Wealth Management, Commercial Banking, Corporate Investment Banking and Corporate Sector. You’ll be part of a team specifically built to meet and exceed our evolving technology needs, as well as our technology controls agenda.

hackajob is partnering with
**JPMorganChase**
to fill this position. Create a profile to be automatically considered for this role—and others that match your experience.","Software Development, Financial Services, and Banking","https://uk.linkedin.com/company/hackajob","","","","","",""
"li-4339120149","linkedin","https://www.linkedin.com/jobs/view/4339120149","","Software Engineer","Harvey Nash","London Area, United Kingdom","2025-11-25","fulltime","","","","","","","entry level","","","[]","**Full-stack Software Engineer**

I’m recruiting for a Software Engineer on behalf of our client building the next-generation AI-powered operating system.

**Who They’re Looking For**

They want incredible graduates or Engineer’s with 1–2 years of experience who are hungry to learn and grow fast. If you’re passionate about coding, problem-solving and building products that users love, this is your chance to join a world-class team.

**What They’re Looking For**

Tech Stack We Use:

• Frontend: React, Typescript, NextJS, Tailwind CSS

• Backend: Typescript (running on AWS)

• Yarn, Recoil, GIT, Zod, AWS, Neptune (nice to haves)

**Benefits**

* **25 days holiday**
  + bank holidays
* **Hybrid working**
  : 3 days onsite at their London HQ, rest remote
* **Learning & Development**
  : They invest in your growth

If you’re ready to kickstart your career and work on something truly game-changing, apply now
**!**","Software Development and IT System Custom Software Development","https://uk.linkedin.com/company/harvey-nash","","","","","",""
"li-4151254134","linkedin","https://www.linkedin.com/jobs/view/4151254134","","Web UI Developer","Deutsche Bank","London, England, UK","2025-11-24","fulltime","","","","","","","not applicable","","","[]","**Position Overview**
Additional Job Description
  
  
**Job Title:**
Engineer
  
  
**Location:**
London
  
  
**Corporate Title:**
Assistant Vice President
  
  
Our Foreign Exchange (FX) Admin team are working directly with business representatives and global development teams to understand the complex cross-system interactions between distributed configuration, business rules that are required to enable FX Trading at Deutsche Bank. We practice agile, test-first and collaborative development approaches to deliver internal and external applications that allow data to be managed safely and within bank and regulatory requirements. We promote a culture of continuous learning and development and actively engage with Engineering initiatives such as the monthly Engineering Day and our engineering communities.
  
  
Our team of experts will be there to coach and support your development as you develop greenfield User Interfaces (UI) to support the operation of Deutsche Bank’s FX trading infrastructure and maintain existing systems.
  
  
**What We’ll Offer You**
A healthy, engaged and well-supported workforce are better equipped to do their best work and, more importantly, enjoy their lives inside and outside the workplace. That’s why we are committed to providing an environment with your development and wellbeing at its centre.
  
  
You can expect:
  
  

* Competitive salary and non-contributory pension
* 30 days’ holiday plus bank holidays, with the option to purchase additional days
* Life Assurance and Private Healthcare for you and your family
* A range of flexible benefits including Retail Discounts, a Bike4Work scheme and Gym benefits
* The opportunity to support a wide ranging CSR programme + 2 days’ volunteering leave per year

**Your Key Responsibilities**

* Collaborate and communicate openly. Pair with colleagues to write software and solve problems, engage directly with business stakeholders to elicit requirements, and ensure that the software delivered is fit for purpose
* Design solutions using common design patterns with a range of design tools and techniques
* Implement solutions following a test-first approach, delivering high quality, maintainable solutions
* Conduct peer reviews to ensure designs and code are fit for purpose, extensible and re-usable
* Engage with Engineering Culture initiatives, such as Engineering Day (a monthly day to develop and practice Engineering expertise) to drive Engineering culture across the bank

**Your Skills And Experience**

* A test-first approach to Software Development
* Proficient in Web UI development (HTML5, CSS, JS, TypeScript, React, Angular)
* Experienced in building, releasing, operating, and maintaining frontend Web UIs
* Analytical thinker and team player with strong communication skills
* Experimentation and fast learning approaches to creating business solutions

**How We’ll Support You**

* Coaching and support from experts in your team
* A culture of continuous learning to aid progression
* A range of flexible benefits that you can tailor to suit your needs
* Flexible working to assist you balance your personal priorities

**About Us And Our Teams**
Deutsche Bank is the leading German bank with strong European roots and a global network. Click here to see what we do.
  
  
We strive for a culture in which we are empowered to excel together every day. This includes acting responsibly, thinking commercially, taking initiative and working collaboratively.
  
  
Together we share and celebrate the successes of our people. Together we are Deutsche Bank Group.
  
  
We welcome applications from all people and promote a positive, fair and inclusive work environment.","Financial Services","https://de.linkedin.com/company/deutsche-bank","","","","","",""
"li-4324501506","linkedin","https://www.linkedin.com/jobs/view/4324501506","","Junior Software Developer – Cross Cutting (Ref: 12153)","Ministry of Justice UK","London, England, UK","2025-11-24","fulltime","","","","","","","entry level","","","moj-recruitment-vetting-enquiries@resourcing.soprasteria.co.uk, moj-recruitment-vetting-enquiries@resourcing.soprasteria.co.uk, Moj-recruitment-vetting-enquiries@gov.sscl.com","East Midlands (England), East of England, London (region), North East England, North West England, Scotland, South East England, South West England, Wales, West Midlands (England), Yorkshire and the Humber
  
  
**Job Summary**
This position is based Nationally
  
  
**Job Description**
**HM Courts and Tribunals Service**
**Directorate:**
Digital Technology Services (DTS)
  
  
**Pay Band:**
HEO
  
  
**Job Title:**
Junior Software Developer – Cross Cutting
  
  
**Location:**
London / National
  
  
Successful applicants will be expected to be office based 3 days per week in any HMCTS Office (subject to business availability).
  
  
**Term:**
Permanent
  
  
**Interview:**
Video conference via Teams
  
  
****Important Salary Details:****
New recruits to the Civil Service joining MoJ are expected to join at the band minimum.
  
  
Existing Civil Servants applying on promotion, will usually be appointed on the salary minimum of the new pay band, or receive an increase of 10 percent on the current base salary, whichever is higher (This is restricted to the pay maximum of the new band).
  
  
****GDD:****
Government Digital and Data (GDD) Profession Capability Framework and Success Profiles Frameworks. Using GDD we will then determine if you will be paid an additional allowance, on top of your basic salary. This role is aligned to the Technical Job Family, Software Developer at Junior Developer level, but carries the title Junior Software Developer within DTS.
  
  
****Reserve**
**List:****
HMCTS run a Reserve List, where candidates who are unsuccessful at interview by only a few points, can be offered other roles, at the same band, for up to 12 months. You will be able to view your status via the application screen. If you have been added to the Reserve List, your status will show either Merit or Reserve list.
  
  
****Introduction:****
These are exciting times at HM Court and Tribunals Service (HMCTS). As an agency of the MoJ, we support the judiciary across England and Wales to deliver justice by running courts and tribunals and processing outcomes, and we are looking for talented people to help us achieve our ambitions. It will be challenging, important and rewarding.
  
  
HMCTS Digital and Technology Services (DTS) is a specialist technology directorate which provides support to HMCTS in the use of IT and Digital.
  
  
DTS is committed to being a great place to work and part of our offer is brilliant training opportunities and support from expert colleagues. As well as that you’ll find flexible working, an inclusive culture and a place where your opinion is valued.
  
  
Please follow the link below for further information about HMCTS. www.gov.uk/government/organisations/hm-courts-and-tribunals-service
  
  
****Job Description:****
As a Junior Software Developer at HMCTS you will work with a wide range of stakeholders such as user researchers, product managers, designers, business analysts, delivery managers and digital architects, all of whom share a vision for making better government through smarter use of technology. You will innovate to radically transform public services for the better.
  
  
The development squad you are placed on will be agreed closer to your start date, but examples of products can be found in our GitHub repository: https://github.com/hmcts
  
  
You can find more information about our ways of working in the HMCTS Way: https://hmcts.github.io
  
  
****Technologies**
we Rely Heavily On:**

* Java to write our backend services
* Node.js to write our frontend services
* Power Platform for low-code development
* Jenkins for CI/CD
* Dynatrace for application monitoring
* Kubernetes and Docker to run our services
* Azure for most of our infrastructure
* Terraform for infrastructure as code
* Postgres and Redis as our databases.
* GOV.UK Design System for our web interfaces
* Macs to do all the above
* In addition, we use a range of other technologies and continue to evolve by employing new technologies that help us deliver better services to our users

****Key Responsibilities:****

* Design, code, test, correct and document simple programs or scripts under the direction of others.
* Constantly seek to learn and further develop your skills as required for your role.
* Adhere to industry best practices, produce well-engineered modern products.
* Use security controls to build secure products and engineer to mitigate security threats. Handle information with confidentiality and integrity, work with others to ensure compliance and information assurance. Contribute to identifying risks and threats.
* Support and maintain software as required, including in the live environment.
* Use modern tools to effectively package and deploy software and thoroughly identify and troubleshoot faults. Some activities may be outside the core office hours (in-line with the organisations policies).
* Contribute to planning by estimating your own effort. Practice the agreed methodology and apply it to your work, identifying obvious deficiencies and supporting activities to improve the development process.
* Translate logical designs into physical designs, produce simple designs that include well understood technology and appropriate patterns. Develop software to meet approved architectural artefacts. Identify, record and escalate tech debt and low-level risks.
* Build and test simple interfaces between systems, or work on more complex integration as part of a wider team.
* Share knowledge with developers and other coders (devOps, automation testers etc).
* Translate user stories to a proposed design and develop software to meet user needs.

**Person Specification**
**We’re seeking a junior developer with the ability to develop and deploy high-quality code. The ideal candidate will have:**

* Some experience in a modern object-oriented programming language and a willingness to learn our tech stack (Java and JavaScript).
* Working knowledge of HTTP and HTML/CSS/JavaScript
* Experience in working with structured data such as XML and JSON
* Working knowledge of at least one type of relational database e.g. PostgreSQL
* Working knowledge of some of the technologies and libraries used in an enterprise environment, such as logging and monitoring, cloud hosting, source control (Git) etc.
* An understanding of common security issues and how to mitigate them (OWASP top 10)
* You hold yourself and others to a high standard
* You care about making usable experiences, with a good understanding of front-end development concerns
* You thrive when you work as part of an agile team
* You solve problems in a systematic way
* You enjoy learning and helping others

**If you meet a few of those criteria but think that you might not meet every last one then don’t let that stop you from submitting an application.**
****Application Process:****
**Coding Task**
When submitting your
**application**
please complete the following coding task and provide a link to the repository:
  
  
https://github.com/hmcts/dts-developer-challenge-junior
  
  
Please note the Civil Service application process is name-blind, so ensure that the repository containing your code does not include any personal information that would identify you.
  
  
The following areas of the Success Profile Framework will be used to assess and score your application during the sift, and interview.
  
  
**Experience –**
As demonstrated in your application form.
  
  
**Technical –**
Coding task and interview. If successful, you will move on to the interview stage, which will include an extension exercise to the coding task you submit in your Personal Statement
  
  
During the interview, you will be assessed against the Government Digital and Data (GDD) Capability Framework.
  
  

* Capability Skill 1 - Programming and Build
* Capability Skill 2 - Information Security
* Capability Skill 3 - Modern Standards Approach
* Capability Skill 4 - Systems Integration

**Presentation -**
You will be required to present your solution during the interview and there will be an extension exercise you will also be asked to do.
  
  
**Behaviours –**
You will be required to provide evidence of the following key behaviours at HEO Level.
  
  

* Delivering at Pace
* Making Effective Decisions

**Level of Clearance - To apply for this role, you**
will be required to successfully complete Security Clearance (SC) level as a condition of appointment: https://www.gov.uk/government/publications/united-kingdom-security-vetting-clearance-levels/sc-guidance-pack-for-applicants
  
  
**Technical Skill 5**
Coding Task
  
  
When submitting your application please complete the following coding task and provide a link to the repository:
  
  
https://github.com/hmcts/dts-developer-challenge-junior
  
  
Please note the Civil Service application process is name-blind, so ensure that the repository containing your code does not include any personal information that would identify you.
  
  
Within the answer box, please confirm you have completed the challenge.
  
  
If successful, you will move on to the interview stage, which will include an extension exercise to the coding task you submit in your Personal Statement
  
  
**HM Courts and Tribunals Service**
**Directorate:**
Digital Technology Services (DTS)
  
  
**Pay Band:**
HEO
  
  
**Job Title:**
Junior Software Developer – Cross Cutting
  
  
**Location:**
London / National
  
  
Successful applicants will be expected to be office based 3 days per week in any HMCTS Office (subject to business availability).
  
  
**Term:**
Permanent
  
  
**Interview:**
Video conference via Teams
  
  
****Application Process:****
**Coding Task**
When submitting your
**application**
please complete the following coding task and provide a link to the repository:
  
  
https://github.com/hmcts/dts-developer-challenge-junior
  
  
Please note the Civil Service application process is name-blind, so ensure that the repository containing your code does not include any personal information that would identify you.
  
  
The following areas of the Success Profile Framework will be used to assess and score your application during the sift, and interview.
  
  
**Experience –**
As demonstrated in your application form.
  
  
**Technical –**
Coding task and interview. If successful, you will move on to the interview stage, which will include an extension exercise to the coding task you submit in your Personal Statement
  
  
During the interview, you will be assessed against the Government Digital and Data (GDD) Capability Framework.
  
  

* Capability Skill 1 - Programming and Build
* Capability Skill 2 - Information Security
* Capability Skill 3 - Modern Standards Approach
* Capability Skill 4 - Systems Integration

**Presentation -**
You will be required to present your solution during the interview and there will be an extension exercise you will also be asked to do.
  
  
**Behaviours –**
You will be required to provide evidence of the following key behaviours at HEO Level.
  
  

* Delivering at Pace
* Making Effective Decisions

**Level of Clearance - To apply for this role, you**
will be required to successfully complete Security Clearance (SC) level as a condition of appointment: https://www.gov.uk/government/publications/united-kingdom-security-vetting-clearance-levels/sc-guidance-pack-for-applicants
  
  
**Technical Skill 5**
Coding Task
  
  
When submitting your application please complete the following coding task and provide a link to the repository:
  
  
https://github.com/hmcts/dts-developer-challenge-junior
  
  
Please note the Civil Service application process is name-blind, so ensure that the repository containing your code does not include any personal information that would identify you.
  
  
Within the answer box, please confirm you have completed the challenge.
  
  
If successful, you will move on to the interview stage, which will include an extension exercise to the coding task you submit in your Personal Statement
  
  
Person specification
  
  
**Please Refer To Job Description**
Behaviours
  
  
We'll assess you against these behaviours during the selection process:
  
  

* Delivering at Pace
* Making Effective Decisions

Technical skills
  
  
We'll assess you against these technical skills during the selection process:
  
  

* Capability Skill 1 - Programming and Build
* Capability Skill 2 - Information Security
* Capability Skill 3 - Modern Standards Approach
* Capability Skill 4 - Systems Integration
* Please see Job Description

Alongside your salary of £35,335, HM Courts and Tribunals Service contributes £10,236 towards you being a member of the Civil Service Defined Benefit Pension scheme. Find out what benefits a Civil Service Pension provides.
  
  

* Access to learning and development
* A working environment that supports a range of flexible working options to enhance your work life balance
* A working culture which encourages inclusion and diversity
* A Civil Service pension with an employer contribution of 28.97%
* Annual Leave
* Public Holidays
* Season Ticket Advance

For more information about the recruitment process, benefits and allowances and answers to general queries, please click the below link which will direct you to our Candidate Information Page.
  
  
Link: https://justicejobs.tal.net/vx/candidate/cms/About%20the%20MOJ
  
  
Selection process details
  
  
This vacancy is using Success Profiles (opens in a new window), and will assess your Behaviours, Experience and Technical skills.
  
  
https://justicejobs.tal.net/vx/candidate/cms/About%20the%20MOJ
  
  
Feedback will only be provided if you attend an interview or assessment.
  
  
This vacancy is using Success Profiles (opens in a new window), and will assess your Behaviours, Experience and Technical skills.
  
  
Security
  
  
Successful candidates must undergo a criminal record check.
  
  
Successful candidates must meet the security requirements before they can be appointed. The level of security needed is security check (opens in a new window).See our vetting charter (opens in a new window).
  
  
People working with government assets must complete baseline personnel security standard (opens in new window) checks.
  
  
Successful candidates must undergo a criminal record check.
  
  
Successful candidates must meet the security requirements before they can be appointed. The level of security needed is security check (opens in a new window).See our vetting charter (opens in a new window).
  
  
People working with government assets must complete baseline personnel security standard (opens in new window) checks.
  
  
Nationality requirements
  
  
**This Job Is Broadly Open To The Following Groups:**

* UK nationals
* nationals of the Republic of Ireland
* nationals of Commonwealth countries who have the right to work in the UK
* nationals of the EU, Switzerland, Norway, Iceland or Liechtenstein and family members of those nationalities with settled or pre-settled status under the European Union Settlement Scheme (EUSS) (opens in a new window)
* nationals of the EU, Switzerland, Norway, Iceland or Liechtenstein and family members of those nationalities who have made a valid application for settled or pre-settled status under the European Union Settlement Scheme (EUSS)
* individuals with limited leave to remain or indefinite leave to remain who were eligible to apply for EUSS on or before 31 December 2020
* Turkish nationals, and certain family members of Turkish nationals, who have accrued the right to work in the Civil Service

Further information on nationality requirements (opens in a new window)
  
  
Working for the Civil Service
  
  
The Civil Service Code (opens in a new window) sets out the standards of behaviour expected of civil servants.
  
  
We recruit by merit on the basis of fair and open competition, as outlined in the Civil Service Commission's recruitment principles (opens in a new window).
  
  
The Civil Service embraces diversity and promotes equal opportunities. As such, we run a Disability Confident Scheme (DCS) for candidates with disabilities who meet the minimum selection criteria.
  
  
The Civil Service also offers a Redeployment Interview Scheme to civil servants who are at risk of redundancy, and who meet the minimum requirements for the advertised vacancy.
  
  
The Civil Service Code (opens in a new window) sets out the standards of behaviour expected of civil servants.
  
  
We recruit by merit on the basis of fair and open competition, as outlined in the Civil Service Commission's recruitment principles (opens in a new window).
  
  
The Civil Service embraces diversity and promotes equal opportunities. As such, we run a Disability Confident Scheme (DCS) for candidates with disabilities who meet the minimum selection criteria.
  
  
The Civil Service also offers a Redeployment Interview Scheme to civil servants who are at risk of redundancy, and who meet the minimum requirements for the advertised vacancy.
  
  
Diversity and Inclusion
  
  
The Civil Service is committed to attract, retain and invest in talent wherever it is found. To learn more please see the Civil Service People Plan (opens in a new window) and the Civil Service Diversity and Inclusion Strategy (opens in a new window).
  
  
This vacancy is part of the Great Place to Work for Veterans (opens in a new window) initiative.
  
  
Once this job has closed, the job advert will no longer be available. You may want to save a copy for your records.
  
  
Contact point for applicants
  
  
**Job Contact :**

* Name : SSCL Recruitment Enquiries Team
* Email : moj-recruitment-vetting-enquiries@resourcing.soprasteria.co.uk
* Telephone : 0345 241 5359

Recruitment team
  
  

* Email : moj-recruitment-vetting-enquiries@resourcing.soprasteria.co.uk

Further information
  
  
Appointment to the Civil Service is governed by the Civil Service Commission’s Recruitment Principles. I you feel a department has breached the requirement of the Recruitment Principles and would like to raise this, please contact SSCL (Moj-recruitment-vetting-enquiries@gov.sscl.com) in the first instance. If the role has been advertised externally (outside of the Civil Service) and you are not satisfied with the response, you may bring your complaint to the Commission. For further information on bringing a complaint to the Civil Service Commission please visit their web pages: http://civilservicecommission.independent.gov.uk/civil-service-recruitment/complaints/
  
  
https://jobs.justice.gov.uk/careers/JobDetail/12153?entityId=12153","Government Administration","https://uk.linkedin.com/company/uk-ministry-of-justice","","","","","",""
"li-4338418930","linkedin","https://www.linkedin.com/jobs/view/4338418930","","Software Developer - Algorithm","Via","London, England, UK","2025-11-21","fulltime","","","","","","","mid-senior level","","","[]","Via is using technology to transform transportation around the world. From changing a single person's daily commute to reducing humanity's collective environmental footprint we've got huge goals.
  
  
As an
**Software Developer - Algorithm**
at Via, you'll join our R&D in London as part of the core Algo group, which is responsible for developing and maintaining Via's proprietary algorithms that run in production on our live servers. The position requires deep knowledge of algorithms, data structures, software engineering methodologies and best practices. You will maintain and improve current algorithms and business logic, as well as develop new technical products and systems that support the various needs we have here at Via. If you're a developer by heart and enjoy working on large-scale algorithms in a hands-on environment, this position might be just for you!
  
  
**What You'll Do**

* Take full ownership of large and complex code base that implements Via's core algorithm
* Develop and maintain multiple mission critical services
* Immediate impact to Via's thousands of daily passengers and clients around the world, like making our booking application respond to users significantly faster.
* Work in close collaboration with devops teams and algorithms developers and researchers

**Who You Are**

* B.Sc. in Computer Science / Software engineering / Mathematics / similar field
* Minimum of 3 years of hands-on industry experience in backend development (Python)
* Experience in devops in cloud infrastructure (Kubernetes etc.) - significant advantage
* M.Sc. in Computer Science / Software engineering / similar field - significant advantage
* Experience in architecture and maintaining cloud systems - significant advantage
* Have a solid background in software engineering methodologies, such as git, CI/CD
* Fast learner: you can quickly master concepts, disciplines and methods
* Team player: you work well with people, as well as by yourself
* Pragmatic: you know how to deconstruct a problem into few smaller problems
* Concise: you get stuff done, in a simple, elegant way.

**Compensation And Benefits**

* Joining a global employer with over 700 mobility deployments in 50+ countries
* Becoming part of a company that was awarded for its commitment to social good
* Competitive compensation including equity
* A hybrid working model and a spacious office near Chancery Lane, where you can enjoy weekly team lunches
* Comprehensive health scheme offered through AXA
* Partnership with YellowNest, a salary exchange benefit that helps reduce childcare fees for working parents

We're Via, and we build technology that changes the way the world moves. We're driven by a simple mission: to create modern and efficient public transportation systems that provide far greater access to jobs, healthcare, and education. With our best in class suite of products, we make transit thrive.
  
  
Our teams of worldclass engineers, data-scientists, product managers, operations specialists, marketers, transit experts and more bring cutting-edge AI-powered software and innovative technology-enabled operations to our partners across the globe. Founded in 2012, Via builds solutions to digitize, automate, and enable data-driven decision making for entire transportation networks; fixed-route buses, microtransit, paratransit, school buses, autonomous vehicles, and more.
  
  
If you're excited to be at the forefront of modernizing the future of transportation, are up for solving tough problems, and willing to become/already are a transit nerd, we are the place for you. Even if your past experience doesn't align perfectly with every qualification in the job description for this role, we encourage you to apply. You may be just the right candidate for this or other opportunities.
  
  
Ready to join the ride?
  
  
*Via is an equal opportunity employer.*
LNKD1\\_UKTJ","Software Development","https://uk.linkedin.com/company/viaorg","","","","","",""
"li-4254318562","linkedin","https://www.linkedin.com/jobs/view/4254318562","","Software Engineer, Product","Meta","London, England, UK","2025-11-21","fulltime","","","","","","","not applicable","","","[]","Meta is seeking talented engineers to join our teams in building cutting-edge products that connect billions of people around the world. As a member of our team, you will have the opportunity to work on complex technical problems, build new features, and improve existing products across various platforms, including mobile devices and web applications. Our teams are constantly pushing the boundaries of user experience, and we're looking for passionate individuals who can help us advance the way people connect globally. If you're interested in joining a world-class team of engineers and researchers to work on exciting projects that have significant impact, we encourage you to apply.
  
  
Software Engineer, Product Responsibilities:
  
  

* Collaborate with cross-functional teams (product, design, operations, infrastructure) to build innovative application experiences
* Implement custom user interfaces using latest programming techniques and technologies
* Analyze and optimize code for quality, efficiency, and performance, and provide feedback to peers during code reviews
* Set direction and goals for teams, lead major initiatives, provide technical guidance and mentorship to peers, and help onboard new team members
* Architect efficient and scalable systems that drive complex applications
* Identify and resolve performance and scalability issues, and drive large efforts to reduce technical debt
* Work on a variety of coding languages and technologies
* Establish ownership of components, features, or systems with expert end-to-end understanding

Minimum Qualifications:
  
  

* Programming experience in a relevant language
* Bachelor's degree in Computer Science, Computer Engineering, relevant technical field, or equivalent practical experience
* Demonstrated experience driving change within an organization and leading complex technical projects
* Experience utilizing data and analysis to explain technical problems and provide detailed feedback and solutions

Preferred Qualifications:
  
  

* Experience in programming languages such as C, C++, Java, Swift, or Kotlin, and scripting languages such as Python, Javascript, or Hack
* Experience building large-scale applications or similar experience
* Experience improving quality through thoughtful code reviews, appropriate testing, proper rollout, monitoring, and proactive changes

About Meta:
  
  
Meta builds technologies that help people connect, find communities, and grow businesses. When Facebook launched in 2004, it changed the way people connect. Apps like Messenger, Instagram and WhatsApp further empowered billions around the world. Now, Meta is moving beyond 2D screens toward immersive experiences like augmented and virtual reality to help build the next evolution in social technology. People who choose to build their careers by building with us at Meta help shape a future that will take us beyond what digital connection makes possible today—beyond the constraints of screens, the limits of distance, and even the rules of physics.
  
  
Individual compensation is determined by skills, qualifications, experience, and location. Compensation details listed in this posting reflect the base hourly rate, monthly rate, or annual salary only, and do not include bonus, equity or sales incentives, if applicable. In addition to base compensation, Meta offers benefits. Learn more about benefits at Meta.","Technology, Information and Internet","https://www.linkedin.com/company/meta","","","","","",""
"li-4341952897","linkedin","https://www.linkedin.com/jobs/view/4341952897","https://career5.successfactors.eu/sfcareer/jobreqcareer?jobId=10925&company=C0004534147P&urlHash=sVD_","Graduate Software Developer","Reply","London Area, United Kingdom","2025-11-20","fulltime","","","","","","","entry level","","","[]","***About Cognita Reply:***

Cognita Reply is where OpenAI innovation meets enterprise transformation. As part of the Reply Group and a recognised OpenAI Service Partner, we help organisations not just adopt tools but embed AI as a strategic capability across their value chain.

***Role Overview:***

As a Graduate Software Developer at Cognita Reply, you’ll enter a high-pace environment that’s at the cutting-edge of generative AI, working closely with OpenAI technologies. You’ll help design and build intelligent software / agent-based solutions that transform how our clients work, leveraging frameworks from OpenAI and our own accelerators. You’ll collaborate across teams, engage with clients, and contribute across the full development lifecycle — all while deepening your technical and consulting chops.

***Responsibilities:***

* Partner with senior engineers to build, deploy and maintain AI-driven systems using OpenAI models (e.g., custom agentic workflows, conversational interfaces)
* Configure and integrate solutions like ChatGPT Enterprise for clients: managing connectors, setting up brand-aligned responses & securing enterprise-grade deployments
* Translate business needs into technical designs — particularly in the context of generative AI and enterprise scale
* Collaborate with client experts to ensure our AI solutions are human-centred, usable and impactful
* Write, test and document high-quality code, leveraging modern stacks (e.g. Python, Node.js, React) and AI-aware frameworks
* Apply governance, compliance, and security best practices relevant to generative AI deployments
* Support adoption and engagement efforts: help build communities of practice, training modules, and outcome-measurable programmes
* Monitor performance, collect metrics/feedback and iterate on models and workflows for continuous improvement

***About the candidate:***

* On track to graduate with a 2:1 or higher in Computer Science or related technical discipline
* Strong programming skills in Java and Python; familiarity with Node.js and React.js is a plus
* Demonstrable interest in generative AI, agent-based systems or advanced automation
* Comfortable with agile ways of working and cross-discipline teaming
* Excellent communication skills — you’ll be working with clients, peers, domain experts and senior stakeholders
* Flexible mindset: you’ll be working across industries and potentially travelling to client sites
* A curious, proactive learner who is ready to experiment, make things happen, and grow fast in a startup-style environment within a large Group

*Reply is an Equal Opportunities Employer and committed to embracing diversity in the workplace. We provide equal employment opportunities to all employees and applicants for employment and prohibits discrimination and harassment of any type regardless of age, sexual orientation, gender, identity, pregnancy, religion, nationality, ethnic origin, disability, medical history, skin colour, marital status or parental status or any other characteristic protected by the Law.*

*Reply is committed to making sure that our selection methods are fair to everyone. To help you during the recruitment process, please let us know of any Reasonable Adjustments you may need.*","Software Development and IT Services and IT Consulting","https://it.linkedin.com/company/reply","","","","","",""
"li-4337139861","linkedin","https://www.linkedin.com/jobs/view/4337139861","https://ats.rippling.com/apoha/jobs/494b2376-9e82-447b-9f77-85130c5b5713?jobSite=LinkedIn&urlHash=2FXg","Full Stack Engineer","Apoha","London, England, UK","2025-11-20","fulltime","","","","","","","entry level","","","hello@apoha.com","**About Apoha**
At Apoha, we are building the Liquid Brain® — a programmable physical sensing platform creating rich, multidimensional fingerprints of materials to unlock faster and smarter material design. Our mission is to redefine how materials are sensed, understood, and designed across industries.
  
  
****Why Join Us?****
We’re Apoha, the team behind the Liquid Brain®.
  
  
We're pioneering Sensory Intelligence by decoding molecular behaviour. The first step in our journey to giving machines the senses they never had? Building a Liquid Brain® platform capable of improving life-saving drugs, by assessing the developability of antibodies earlier (those proteins our immune system makes to fight off bacteria and viruses).
  
  
We’re a group of scientists, engineers, and operators who’ve built and launched successful products at Goldman Sachs, Apple, Amazon, and published 50+ high impact research papers across biophysics, materials science, and thermodynamics—and been featured by
**Scientific American**
as one of “13 Discoveries That Could Change Everything”.
  
  
At Apoha, science isn’t just the foundation of our product—it’s woven into our every day. Whether it’s a journal club over coffee, a spirited scientific discussion unravelling a complex problem, or a full-company Quarter Demo Day that sparks wild new ideas, we’ve built a place where academic rigor meets startup energy.
  
  
Our team is small, flat, and talent-dense across disciplines. We gravitate towards people who are collaborative, curious, and take pride in owning their work end-to-end. We enjoy spirited debate, thinking way beyond the state of the art, and building products that could change how we understand biological materials—forever. We believe in the power of on-site collaboration, and our UK-based team works together in our London office to foster creativity, speed, and connection.
  
  
Our investors include Redalpine, Acequia Capital, Seedcamp, Nucleus Capital, Plug and Play, Wilbe and others—and we’re just getting started.
  
  
**What We Offer**

* Competitive compensation + stock options
* Private health insurance
* Bi-weekly team lunches + regular socials
* The rare chance to shape the DNA of a company
* Access to cutting-edge science, a stellar team, and the chance to change the game

At Apoha, we are committed to fostering a diverse and inclusive workplace. We strongly encourage applications from candidates of all backgrounds, including those from underrepresented groups in tech and science.
  
  
****The Role****
At Apoha, software engineering isn’t just about writing code — it’s about creating the foundation for a breakthrough technology to thrive. As an engineer here, you’ll help shape how the world’s top scientists and researchers interact with the Liquid Brain®. This is a rare opportunity to leave your fingerprint on a domain-defining platform, working in a fast-paced, intellectually rigorous, and mission-driven environment.
  
  
We’re looking for a
****Full Stack Engineer****
who thrives on autonomy, ownership, and creative problem-solving. This role is ideal for someone who wants to help define the architecture, culture, and best practices of a growing team — someone who’s just as excited by writing clean, scalable code as they are by collaborating with scientists to bring a fundamentally new technology to life.
  
  
**What You'll Do**

* Own and evolve major parts of our software and hardware control stack —from architecture to implementation—ensuring reliability, performance, ease of use, and seamless operation of our Liquid Brain system.
* Design and build user interfaces and backend services (Next.js, Django, Postgres) that make interacting with complex hardware systems and multimodal data analysis tasks simple, intuitive, and robust.
* Work hands-on with our hardware, using real devices to test, validate, and refine control workflows, automation logic, and system integrations.
* Root-cause and resolve issues across the entire stack, from hardware drivers to APIs, task management, data analysis pipeline and more.
* Collaborate closely with hardware, scientific, and data teams to translate experimental workflows and engineering constraints into high-quality product features.
* Help shape the engineering culture by pushing for clarity, simplicity, and technical rigor as we scale the platform.

**What We're Looking For**

* Experience building software that interacts with hardware—instrument control, robotics, automation systems, lab devices, edge devices, or similar.
* A strong full-stack engineering foundation (front-end + backend + APIs + databases), with the ability to ship features end-to-end.
* Strong sense of agency, resourcefulness, and ownership is absolutely essential — you care deeply about both the what and the how.
* Proven experience in atleast a few of the following areas - designing scalable services, cloud infrastructure, API design and implementation, database design, and front-end frameworks
* Curiosity for scientific workflows, new technologies, and solving problems at the intersection of software and physical systems.
* Bonus: exposure to Python, Django, PostgreSQL, AWS, Kubernetes and/or containerized deployments, nextJS, React —but we care more about your mindset than the exact tech stack you have previously worked on.

**How To Apply – Show Us What You’ve Got**
We’ve designed an interactive challenge to kick off the application.
  
  
👉 To get started, apply via the form & send an empty POST request to this endpoint - api/v2/external-tests/hello-apoha at the URL - https://api-v2.test.appapohacom
  
  
We will get back to you to schedule the first technical interview with our team shortly after reviewing your submission! In case of any questions please reach out to hello@apoha.com.","Research Services","https://uk.linkedin.com/company/apoha","","","","","",""
"li-4318468297","linkedin","https://www.linkedin.com/jobs/view/4318468297","","(New Grad) Software Engineering","Samsara","Harrow, England, UK","2025-11-19","fulltime","","","","","","","internship","","","accessibleinterviewing@samsara.com","**Who We Are**
Samsara (NYSE: IOT) is the pioneer of the Connected Operations™ Cloud, which is a platform that enables organizations that depend on physical operations to harness Internet of Things (IoT) data to develop actionable insights and improve their operations. At Samsara, we are helping improve the safety, efficiency and sustainability of the physical operations that power our global economy. Representing more than 40% of global GDP, these industries are the infrastructure of our planet, including agriculture, construction, field services, transportation, and manufacturing — and we are excited to help digitally transform their operations at scale.
  
  
Working at Samsara means you’ll help define the future of physical operations and be on a team that’s shaping an exciting array of product solutions, including Video-Based Safety, Vehicle Telematics, Apps and Driver Workflows, and Equipment Monitoring. As part of a recently public company, you’ll have the autonomy and support to make an impact as we build for the long term.
  
  
**About the role:**
Are you a recent or upcoming graduate ready to launch your career at the forefront of industrial IoT? Join us and help shape the future of connected operations. You will immediately dive into challenging, real-world projects with the freedom and responsibility of a full-time engineer. We believe in providing a
**greenfield opportunity for growth**
and a high degree of
**ownership**
from day one. You will build and innovate, making a tangible impact on our global customers.
  
  
**Engineering Specializations:**
As a new grad, you will be considered for one of the following engineering specializations based on your skills, interests, and business needs:
  
  
  

* Backend Infrastructure: Design and develop the core infrastructure that powers our IoT platform, connecting over 15,000 hardware assets globally. You'll focus on scaling data ingestion and storage systems to handle growing data volumes and collaborate with engineers to enable new types of data analysis.
* Full-stack, Frontend: Create user interfaces that transform data from millions of devices into intuitive, actionable insights. You'll work closely with our design and product teams to rapidly iterate on solutions, with projects ranging from developing design systems to performance engineering.
* Full-stack, Backend: Design and develop features across our platform, directly impacting current and future customers. You'll tackle engineering challenges from architecting data structures for massive data collection to building high-performing data analytics on web and mobile platforms.
* Mobile Infrastructure: Work on the critical infrastructure that supports our React Native application. Your contributions will empower feature teams to iterate quickly and write performant, maintainable code, delivering a seamless mobile experience.
* Embedded Software: Design, develop, and maintain all on-device software for Samsara's hardware products. This includes everything from edge AI models and multimedia frameworks to low-level power management and real-time data processing, building software that runs reliably in tough, real-world conditions.

**Our Tech Stack:**
We use Golang for our backend, Typescript and React for our web client, GraphQL to fetch data, and React Native for our mobile app. While direct experience with this stack is not required, experience with similar technologies is strongly encouraged.
  
  
**Why Join Us?**

* You want to impact the industries that run our world: The software, firmware, and hardware you build will result in real-world impact—helping to keep the lights on, get food into grocery stores, and most importantly, ensure workers return home safely.
* You want to build for scale: With over 2.3 million IoT devices deployed to our global customers, you will work on a range of new and mature technologies driving scalable innovation for customers across industries driving the world's physical operations.
* You are a life-long learner: We have ambitious goals. Every Samsarian has a growth mindset as we work with a wide range of technologies, challenges, and customers that push us to learn on the go.
* You believe customers are more than a number: Samsara engineers enjoy a rare closeness to the end user and you will have the opportunity to participate in customer interviews, collaborate with customer success and product managers, and use metrics to ensure our work is translating into better customer outcomes.
* You are a team player: Working on our Samsara Engineering teams requires a mix of independent effort and collaboration. Motivated by our mission, we’re all racing toward our connected operations vision, and we intend to win—together.

**Minimum requirements for the role:**

* Current Senior pursuing a Bachelor’s degree in Computer Science, Mathematics, or a related technical field, with an expected graduation date in Fall/Winter 2025 or Spring/Summer 2026.
* This is a full-time, remote OR in-person hybrid role requiring 3 days per week in our London office and 2 days working remotely.

**An ideal candidate also:**

* Has a Builder Mindset: You're passionate about creating and taking ownership of projects. You have a strong technical foundation in computer science fundamentals, data structures, and algorithms, and you're adaptable and versatile, ready to tackle challenges across different areas of our technology stack.
* Knows Their Stuff: You have a proven ability to develop production-level software. You're proficient in at least one of the following areas: Backend, Infrastructure, Fullstack, Frontend, or Mobile Infrastructure. We're especially interested in experience with Golang, Python, Node.js, Typescript, and React.
* Is Customer Obsessed: You're motivated by understanding customer needs and building solutions that make their lives easier. You're excited to ship customer experiences and iterate on new products based on feedback.
* Wins as a Team: You champion, role model, and embed our company values, especially the belief that we succeed together. You have excellent collaboration skills and can work effectively both independently and with cross-functional teams.

At Samsara, we welcome everyone regardless of their background. All qualified applicants will receive consideration for employment without regard to race, color, religion, national origin, sex, gender, gender identity, sexual orientation, protected veteran status, disability, age, and other characteristics protected by law. We depend on the unique approaches of our team members to help us solve complex problems and want to ensure that Samsara is a place where people from all backgrounds can make an impact.
  
  
**Benefits**
Full time employees receive a competitive total compensation package along with employee-led remote and flexible working, health benefits, and much, much more. Take a look at our Benefits site to learn more.
  
  
**Accommodations**
Samsara is an inclusive work environment, and we are committed to ensuring equal opportunity in employment for qualified persons with disabilities. Please email accessibleinterviewing@samsara.com or click here if you require any reasonable accommodations throughout the recruiting process.
  
  
**Flexible Working**
At Samsara, we embrace a flexible working model that caters to the diverse needs of our teams. Our offices are open for those who prefer to work in-person and we also support remote work where it aligns with our operational requirements. For certain positions, being close to one of our offices or within a specific geographic area is important to facilitate collaboration, access to resources, or alignment with our service regions. In these cases, the job description will clearly indicate any working location requirements. Our goal is to ensure that all members of our team can contribute effectively, whether they are working on-site, in a hybrid model, or fully remotely. All offers of employment are contingent upon an individual’s ability to secure and maintain the legal right to work at the company and in the specified work location, if applicable.
  
  
**Fraudulent Employment Offers**
Samsara is aware of scams involving fake job interviews and offers. Please know we do not charge fees to applicants at any stage of the hiring process. Official communication about your application will only come from emails ending in ‘@samsara.com’ or ‘@us-greenhouse-mail.io’. For more information regarding fraudulent employment offers, please visit our blog post here.","Software Development","https://www.linkedin.com/company/samsara","","","","","",""
"li-4311586588","linkedin","https://www.linkedin.com/jobs/view/4311586588","","Software Engineer I","Checkout.com","London, England, UK","2025-11-19","fulltime","","","","","","","entry level","","","[]","******Company Description******
We’re Checkout.com – you might not know our name, but companies like eBay, ASOS, Klarna, Uber Eats, and Sony do. That moment when you check out online? We make it happen.
  
  
Checkout.com is where the world checks out. Our global network powers billions of transactions every year, making money move without making a fuss. We spent years perfecting a service most people will never notice. Because when digital payments just work, businesses grow, customers stay, and no one stops to think about why.
  
  
With 19 offices spanning six continents, we feel at home everywhere – but London is our HQ. Wherever our people work their magic, they’re fast-moving, performance-obsessed, and driven by being better every day. Ideal. Because a role here isn’t just another job; it’s a career-defining opportunity to build the future of fintech.
  
  
******Job Description******
Checkout.com is one of the most exciting fintechs in the world. Our mission is to enable businesses and their communities to thrive in the digital economy. We’re the strategic payments partner for some of the best known fast-moving brands globally such as Wise, The Hut Group, Sony Electronics, Sainsbury’s, Deliveroo, Adidas, Klarna and many others. Purpose-built with performance and scalability in mind, our flexible cloud-based payments platform helps global enterprises launch new products and create experiences customers love. And it's not just what we build that makes us different. It's how.
  
  
We empower passionate problem-solvers to collaborate, innovate and do their best work. That’s why we’re on the Forbes Cloud 100 list and a Great Place to Work accredited company. And we’re just getting started. We’re building diverse and inclusive teams around the world — because that’s how we create even better experiences for our merchants and our partners. And we need your help. Join us to build the digital economy of tomorrow.
  
  
**Job Description**
Global payments are complex and ever-evolving. At Checkout our software engineers develop the next-generation payments technologies that enable our Merchants to boost their acceptance rates, cut processing costs, fight fraud, and create cutting edge technology that enables extraordinary customer experiences.
  
  
We're looking for Software engineers who bring fresh ideas, have a curious nature and are passionate about working in an Engineering environment which focuses on building products to achieve the company's strategic goals. You’ll get to work with teams from across Checkout.com’s portfolio of products and services who all have a real customer first philosophy.
  
  
As a Software engineer, you will lead and drive specific projects critical to Checkout's needs with opportunities to switch teams and projects as you and our fast-paced business grow and evolve. We need our engineers to be versatile, display exceptional leadership qualities and be enthusiastic to take on new problems across the full-stack as we continue to push technology forward. With your technical expertise you will lead project priorities, deadlines, and deliverables. You will design, develop, test, deploy, maintain, and enhance software solutions.
  
  
**What Are We Looking For:**

* Bachelor's or Master's degree in Computer Science, Engineering, or related field
* Proficiency in C# .NET, Java, or Go, with a strong understanding of software development principles in either a backend or full stack environment.
* Great communication skills and ability to interact effectively with a wide range of stakeholders
* Experience working in agile environments and delivering high-quality code within tight deadlines
* Excellent problem-solving skills and the ability to work independently as well as part of a team
* Someone who is AI proficient or AI curious, you will be hungry to embrace what the latest technology has to offer to enhance yours and your teams productivity
* Payments or financial knowledge is a plus, but not a necessity

How you’ll make an impact
  
  

* Be part of, and collaborate with, cross-functional teams including product management, across a large engineering community.
* Define and design loosely coupled, scalable systems in a wider microservices using industry best practices.
* Stay up-to-date, use, and spread knowledge of the latest technologies used by Checkout.
* Write clean, maintainable, extendable and testable code on some of Checkout’s most impactful systems.
* Build, own and operate your systems to the highest levels of resilience and service.
* Mentor junior team members and assist in their technical development

Join Us Today!
  
  
If you're passionate about technology, innovation, and making a real impact in the world of digital payments, we want to hear from you. Join our engineering department at Checkout.com and be part of a team that's shaping the future of payments for generations to come.
  
  
*Apply now and let's embark on this exciting journey together!*
****Bring all of you to work****
We create the conditions for high performers to thrive – through real ownership, fewer blockers, and work that makes a difference from day one.
  
  
Here, you’ll move fast, take on meaningful challenges, and be recognized for the impact you deliver. It’s a place where ambition gets met with opportunity – and where your growth is in your hands.
  
  
We work as one team, and we back each other to succeed. So whatever your background or identity, if you’re ready to grow and make a difference, you’ll be right at home here.
  
  
It’s important we set you up for success and make our process as accessible as possible. So let us know in your application, or tell your recruiter directly, if you need anything to make your experience or working environment more comfortable.
  
  
****Life at Checkout.com****
We understand that work is just one part of your life. Our hybrid working model offers flexibility, with three days per week in the office to support collaboration and connection.
  
  
Curious about what it’s like to be part of our team? Visit our Careers Page to learn more about our culture, open roles, and what drives us.
  
  
For a closer look at daily life at Checkout.com, follow us on LinkedIn and Instagram","Financial Services","https://uk.linkedin.com/company/checkout","","","","","",""
"li-4341432215","linkedin","https://www.linkedin.com/jobs/view/4341432215","","Software Engineer, Developer Experience - WhatsApp","WhatsApp","London, England, UK","2025-11-19","fulltime","","","","","","","not applicable","","","[]","Meta is seeking engineers to join our teams in building cutting-edge products that connect billions of people around the world. As a member of our team, you will have the opportunity to work on complex technical problems, build new features, and improve existing products across various platforms, including mobile devices and web applications. Our teams are constantly pushing the boundaries of user experience, and we're looking for individuals who can help us advance the way people connect globally. If you're interested in joining a world-class team of industry veterans and working on exciting projects that have a significant impact, we encourage you to apply.
  
  
Software Engineer, Developer Experience - WhatsApp Responsibilities:
  
  

* Collaborate with cross-functional teams (product, design, operations, infrastructure) to build innovative application experiences
* Implement custom user interfaces using latest programming techniques and technologies
* Develop reusable software components for interfacing with back-end platforms
* Analyze and optimize code for quality, efficiency, and performance
* Lead complex technical or product efforts and provide technical guidance to peers
* Architect efficient and scalable systems that drive complex applications
* Identify and resolve performance and scalability issues
* Work on a variety of coding languages and technologies
* Establish ownership of components, features, or systems with proven end-to-end understanding

Minimum Qualifications:
  
  

* Programming experience in a relevant language
* Bachelor's degree in Computer Science, Computer Engineering, relevant technical field, or equivalent practical experience
* Track record of setting technical direction for a team, driving consensus and successful cross-functional partnerships
* Experience building maintainable and testable code bases, including API design and unit testing techniques

Preferred Qualifications:
  
  

* Erlang

About Meta:
  
  
Meta builds technologies that help people connect, find communities, and grow businesses. When Facebook launched in 2004, it changed the way people connect. Apps like Messenger, Instagram and WhatsApp further empowered billions around the world. Now, Meta is moving beyond 2D screens toward immersive experiences like augmented and virtual reality to help build the next evolution in social technology. People who choose to build their careers by building with us at Meta help shape a future that will take us beyond what digital connection makes possible today—beyond the constraints of screens, the limits of distance, and even the rules of physics.
  
  
Individual compensation is determined by skills, qualifications, experience, and location. Compensation details listed in this posting reflect the base hourly rate, monthly rate, or annual salary only, and do not include bonus, equity or sales incentives, if applicable. In addition to base compensation, Meta offers benefits. Learn more about benefits at Meta.","Technology, Information and Internet","https://www.linkedin.com/company/whatsapp.","","","","","",""
"li-4332822114","linkedin","https://www.linkedin.com/jobs/view/4332822114","","Junior Software Engineer","Kantar Media","London, England, UK","2025-11-19","fulltime","","","","","","","entry level","","","[]","Kantar Media is a global leader in data, insights, and consulting services, specialising in media measurement, audience analysis, and advertising effectiveness. As people increasingly move across channels and platforms, our data and audience measurement, targeting, analytics and advertising intelligence services unlock insights to inform powerful decision-making. We help brands, agencies, and media owners navigate the complex world of media and advertising through cutting-edge technology and deep expertise. Our presence in over 80 countries and innovative approach has earned us a global reputation for delivering actionable insights that shape the future of the media landscape.
  
  
**Job Details**
As people increasingly move across channels and platforms, Kantar Media’s data and audience measurement, targeting, analytics and advertising intelligence services unlock insights to inform powerful decision-making.
  
  
Working with panel and first-party data in over 80 countries, we have the world’s fastest growing cross-media measurement footprint, underpinned by versatility, scale, technology and expertise, to drive long-term business growth for our clients and partners.
  
  
**Job Title: Junior Software Engineer**
**Location: London, Grays Inn Road
  
  
Full time/Permanent/Hybrid**


* This is a full-time permanent position, based in our London office. We operate on a hybrid working arrangement and require a minimum of 2 days in the office. We welcome all applications from those with the legal right to live and work permanently in the UK, without requiring VISA sponsorship now or in the future.

**About The Project/Role**
We are seeking a Junior Software Engineer with a strong focus on developing production-grade software, extensive experience with Azure services, and proficiency in Java, Python, PySpark.
  
  
**Job Role Requirements**

* Owning the development and services in design, development, coding, testing.
* Keep up to date with the latest development software.
* Hands on development and should follow coding standrads
* Provide mentorship to the team and ensure they enforce to development standards.
* Ensure adequate documentation exists.
* Build alliance and work with other partner pillars within Kantar for a shared goal.

**Role Requirements**

* Experience in the data processing applications
* Practical production experience in software implementation
* Experience working with high-level sophisticated problem definition using algorithms.
* Good social skills
* Experience working in a distributed team.
* Background in software development or in a hands-on technical role
* pipelines)

**Desirable**

* Spark data processing
* Cloud technologies – Azure, DataBricks, Kubernetes
* Software Architectural skills
* DevOps
* Agile / Scrum certified.
* Strong understanding of data security, including encryption/decryption.
* Proven leadership skills with experience managing teams and collaborating with third-party vendors.
* Soft Skills: Strong leadership, communication, and organizational skills. Ability to work independently as well as in a team environment.
* Education: A bachelor’s degree in engineering, particularly in Computer Science, Software Engineering, or a related field, is highly desirable.

**Country**
United Kingdom
  
  
**Why join Kantar Media?**
We pride ourselves on understanding people, and what makes us think and act the way we do.
  
  
And because we know people, we like to make sure our own people are being looked after as well. Equality of opportunity for everyone is our highest priority and we support our colleagues to work in a way that supports their health and wellbeing. While we encourage teams to spend part of their working week in the office, we understand no one size fits all; our approach is flexible to ensure everybody feels included, accepted, and that we can win together. We’re dedicated to creating an inclusive culture and value the diversity of our people, clients, suppliers and communities, and we encourage applications from all backgrounds and sections of society. Even if you feel like you’re not an exact match, we’d love to receive your application and talk to you about this job or others at Kantar Media.","Marketing Services","https://uk.linkedin.com/company/kantar-media","","","","","",""
"li-4319565173","linkedin","https://www.linkedin.com/jobs/view/4319565173","","Software Engineer","Quantcast","London, England, UK","2025-11-19","fulltime","","","","","","","entry level","","","[]","At Quantcast, we're redefining what's possible in digital advertising. As a global Demand Side Platform (DSP) powered by AI, we help marketers connect with the right audiences and deliver measurable results across the Open Web. Our foundation is built on cutting-edge measurement and consumer analytics, giving our clients the tools they need to drive success in an ever-evolving digital landscape.
  
  
Since our start in 2006, we've pioneered industry firsts—from launching the original measurement platform for digital publishers to introducing the first AI-driven DSP. If you're ready to be part of a dynamic, forward-thinking team that thrives on creating transformative solutions, Quantcast is the perfect place to grow your career.
  
  
At Quantcast, we use technology to help brands and publishers understand, reach and influence the constantly-changing behaviors of consumers. The Real-Time Bidding (RTB) Platform owns and operates the large-scale distributed stack which allocates millions of dollars of advertising budget to billions of bid opportunities streaming into the system. If you’re interested in working on these critical, fast, large-scale distributed systems then we’d like to meet.
  
  
As a Software Engineer, you care about the health and maintainability of our systems and the velocity of the engineering teams. You write code, design systems, build out proof of concepts that improve systems and automation throughout our products and tech stack.
  
  
**What You'll Do**

* Code, test, debug and maintain software applications handling millions of real-time requests per second efficiently.
* Constantly improve development, testing, configuration management, monitoring, and operational tools and processes.
* Work and collaborate closely with cross-functional teams, including product engineering, modeling, and other platform teams, to ensure delivering high-quality software products.
* Profiling and optimizing bidding machines.
* Setting up and running experiments to improve stability, reliability, and bidding performance across the stack.
* Providing tooling for other software engineers to run their services.
* Participating in oncall duties.

**Who You Are**

* 1-2 years experience developing and working on distributed software systems as a Software Engineer.
* Skills in distributed system and software design, concurrent algorithms, data structures, and software engineering.
* Hands-on experience with Java, Golang, or a similar language.
* Degree in a topic related to Computer Science, or equivalent.
* Bonus: Experience in programmatic advertising.

Quantcast operates in a hybrid work environment. The in office days are Tuesday, Wednesday, and Thursday.
  
  
At Quantcast, we craft offers that reflect your unique skills, expertise, and geographic location. On top of a competitive salary, this position includes eligibility for a performance bonus, equity, and a comprehensive benefits package. Depending on your location, this may include generous vacation, medical, dental, and vision coverage, and retirement plans. For more details, visit our Careers page and see how we support our team. Please see the Applicant Privacy Notice for details on our applicant privacy policy.
  
  
Founded in 2006 and headquartered in San Francisco, we are a diverse, aligned community with offices across 10 countries worldwide. Join the team that unlocks potential.
  
  
Quantcast is an Equal Opportunity Employer.
  
  
We may use artificial intelligence (AI) tools to support parts of the hiring process, such as reviewing applications, analyzing resumes, or assessing responses. These tools assist our recruitment team but do not replace human judgment. Final hiring decisions are ultimately made by humans. If you would like more information about how your data is processed, please contact us.","Technology, Information and Internet","https://www.linkedin.com/company/quantcast","","","","","",""
"li-4321131580","linkedin","https://www.linkedin.com/jobs/view/4321131580","https://jobs.smartrecruiters.com/Visa/744000092017870-junior-swe-engineer-associate-?source=LinkedIn&urlHash=IvNw","Junior SWE Engineer (Associate)","Visa","London, England, UK","2025-11-19","fulltime","","","","","","","associate","","","[]","Visa is a world leader in payments and technology, with over 259 billion payments transactions flowing safely between consumers, merchants, financial institutions, and government entities in more than 200 countries and territories each year. Our mission is to connect the world through the most innovative, convenient, reliable, and secure payments network, enabling individuals, businesses, and economies to thrive while driven by a common purpose – to uplift everyone, everywhere by being the best way to pay and be paid.

Make an impact with a purpose-driven industry leader. Join us today and experience Life at Visa.

**Job Description**

Currencycloud was acquired by Visa in December 2021. Our
**Java Engineers**
are responsible for implementing an industry-leading API that has already processed over 50 billion USD of cross-border transactions for over 5 million end users, and is available to our clients 24x7. But we’re not stopping there, and our engineers are at the forefront of taking us forward to meet the demands of even greater scale.

Our stack runs on AWS as a set of distributed applications using Kubernetes and a microservice-led architecture. We are also utilising Kafka for our streaming and PACT for Contract testing.

**What you'll get to do:**

* As a
  **Java Engineer**
  you’ll play a key role within your cross functional team, taking responsibility for your services and the technology within them.
* These roles fit in to squads who are building out brand new parts to our payments platform, focusing on high availability, cloud native, microservice concepts

**You'll get:**

* Clear ownership of your domain
* A clean modern codebase
* An independent path to production
* Strong platform and product support
* The ability to make real changes with real business value.

**Our Tech Stack includes:**

* Object-oriented programming forms the bulk of our codebase, currently in Java, versions 11+, and ideally Springboot framework
* Highly-scalable, highly-available, cloud-native applications on AWS are key to our next phase of growth, are written to 12-factor principles and fit into our microservices architecture
* Cloud-related tools, services, and distributed system observability to support these applications, such as Docker, Kubernetes, ElasticSearch, log management systems, and Datadog APM, to name but a few
* API specifications, conforming to the OpenAPI (Swagger) standard, provide a clean boundary both externally between our customers and our product, and internally between our microservices
* SQL, and large SQL databases, provide the persistence layer for our applications. You’ll be working with (and know the limitations of using) such large datastores
* Infrastructure automation is primarily owned by the infrastructure team, but you will be a consumer of their work, familiarity with AWS, Terraform and Docker is beneficial
* Testing approaches, including TDD, BDD and Contract Testing, all form an important part of our approach to quality assurance, ensuring that the code that we write forms products that are fit for use. We currently use a variety of frameworks including JUnit, RSpec and Cucumber
* Agile development, with teams broadly aligned with the Spotify - Squads & Tribes - model, helps us deliver incremental improvements to our products in an iterative manner. Advocating this model, and joining us on a journey of continuous improvement, is a key attribute of members of our teams
* Continuous Integration and Continuous Delivery pipelines allow us to “automate all the things”, providing repeatable builds and consistent deployments
* GitHub, and the GitHub PR review process, forms a core part of our developer workflow, and peer reviews help share knowledge and improve quality
* Teamwork, and cross-team collaboration, is fundamental to the delivery of our applications. Whilst each application has an independent path to production, there will always be some activities and initiatives that span multiple teams and require cross-team collaboration. Within your team you’ll need to collaborate with a number of stakeholders, including Product Owners and QA, as part of your product development

This is a hybrid position with 3 days expected per week to be based from our Paddington offices.

**Qualifications**

Basic Qualifications
  
  
Associate: Minimum of 6 months of work experience or a Bachelor's Degree
  
  
  
  
Preferred Qualifications
  
  
Associate: 2 or more years of work experience
  
  
1-2+ years experience in Java Backend Development
  
  
Skills with functional Java (versions 8+) and Spring (ideally Springboot)
  
  
Agile ways of working such as Scrum or Kanban in cross-functional teams
  
  
Knowledge of Docker, EKS, AWS (public cloud) and Kafka

**Additional Information**

Visa is an EEO Employer. Qualified applicants will receive consideration for employment without regard to race, color, religion, sex, national origin, sexual orientation, gender identity, disability or protected veteran status. Visa will also consider for employment qualified applicants with criminal histories in a manner consistent with EEOC guidelines and applicable local law.","IT Services and IT Consulting","https://www.linkedin.com/company/visa","","","","","",""
"li-4289765253","linkedin","https://www.linkedin.com/jobs/view/4289765253","","Software Engineering Leadership (Relocation to Pakistan)","Careem","London Area, United Kingdom","2025-11-17","fulltime","","","","","","","mid-senior level","","","[]","**About the Company**
Careem is building the Everything App for the greater Middle East — making it easy to move around, order food and groceries, manage payments, and more. Our purpose is simple: to simplify and improve people’s lives and build an awesome organisation that inspires.
  
  
Since 2012, Careem has enabled earnings for over 2.5 million Captains, simplified the lives of more than 70 million customers, and built a platform where the region’s best talent and entrepreneurs thrive. We operate in 70+ cities across 10 countries, from Morocco to Pakistan.
  
  
***We’re now entering our next chapter — one powered by AI. We’re looking for AI talent: curious problem-solvers who know how to apply AI to build tools, automate workflows, and create real impact. Whether it’s streamlining operations, enhancing customer experience, or reimagining internal systems — we want people who can make Careem work smarter and move faster.***
**Calling senior technology leaders to shape the future of engineering in Pakistan**
Are you a senior tech leader with deep roots in the Middle East & Asia, looking for a way to bring your global experience back to the region? Have you been considering a move, driven by a desire to make a lasting impact?
  
  
At Careem, our journey started with a simple purpose: to simplify and improve the lives of people in the Greater Middle East. From our beginnings as a ride-hailing service, we’ve grown into the region’s first Everything App, but our mission remains the same. We’re not just a tech company; we’re a team of builders, dreamers, and doers, working to create a better future for our region.
  
  
We’re looking to connect with senior tech professionals like you. If you’ve built and scaled complex engineering systems, platforms, or infrastructure in high-growth tech environments, we want to hear from you. Your expertise is exactly what’s needed to shape the future of engineering culture and technical foundations in the region.
  
  
**We’re Particularly Interested In Leaders Who**

* Bring a product mindset and a track record of influencing roadmaps or customer experiences at scale
* Drive impact in Data & AI through applied machine learning, platformization, or agentic AI innovation
* Show passion for building long-term technical foundations and nurturing engineering culture across MENA
* Be open to relocating to Pakistan
* Be purpose-driven and excited about shaping the future of mobility, fintech, and everyday services in the region
* Bring experience in super apps, agentic AI deployment, or technology leadership in e-commerce, platforms, or startups

This is your chance to use your skills and experience to truly make a difference. We are creating a Everything App that will have a massive positive impact on our communities. We're creating income opportunities for our Captains and simplifying daily life for our customers.
  
  
This is more than a job. It's an opportunity to lead a mission that matters.
  
  
**Ready to shape the future?**
**Apply here.**","Technology, Information and Internet and IT Services and IT Consulting","https://ae.linkedin.com/company/careem","","","","","",""
"li-4316787590","linkedin","https://www.linkedin.com/jobs/view/4316787590","https://jobs.ashbyhq.com/jack-jill-external-ats/983da905-46ea-4ed2-a655-903668241b49/application?utm_source=8vjQq4kK9V&urlHash=gv5R","Full-Stack Engineer (£80k-£120k + Equity) at VC-backed AI venture studio","Jack & Jill","London, England, UK","2025-11-15","fulltime","","","","","","","entry level","","","[]","This is a job that Jill is helping to recruit for on behalf of one of our customers. To apply, speak to Jack.
  
  
**Title:**
Full-Stack Engineer (£80k-£120k + Equity) at VC-backed AI venture studio
  
  
**Job Title:**
Full-Stack Engineer
  
  
**Salary:**
£80k-£120k + Equity
  
  
**Company Description:**
VC-backed AI venture studio
  
  
**Job Description:**
We are seeking a Full-Stack Engineer to rapidly prototype and launch products across multiple early-stage AI companies within our venture studio. This role involves turning insights into production systems, building scalable foundations, and contributing to engineering culture, while delivering impactful AI solutions that customers love.
  
  
**Location:**
London, UK
  
  
**Why this role is remarkable:**

* Build and ship products at the frontier of AI.
* Backed by top-tier VCs with an experienced team.
* Shape the technical foundation of multiple early-stage AI ventures.

**What you will do:**

* Rapidly prototype and launch products across different industries and problem spaces.
* Build robust, scalable full-stack systems (Python/FastAPI, React/Next.js, GCP).
* Experiment with and integrate AI technologies (LLMs, LangChain, ML frameworks) into products.

**The ideal candidate:**

* Strong background in full-stack development with Python/FastAPI and React/Next.js.
* Experience with cloud infrastructure (GCP/AWS), Docker/Kubernetes, and CI/CD pipelines.
* Entrepreneurial mindset with proven 0-to-1 building experience in early-stage environments.

**How to Apply:**
To apply for this job speak to Jack, our AI recruiter.
  
  
Step 1. Visit our website.
  
  
Step 2. Click 'Speak with Jack'.
  
  
Step 3. Login with your LinkedIn profile.
  
  
Step 4. Talk to Jack for 20 minutes so he can understand your experience and ambitions.
  
  
Step 5. If the hiring manager would like to meet you, Jack will make the introduction.","Technology, Information and Internet","https://www.linkedin.com/company/jackandjillai","","","","","",""
"li-4340545738","linkedin","https://www.linkedin.com/jobs/view/4340545738","","Software Engineering Full-Time Campus Hire - London","Two Sigma","London, England, UK","2025-11-14","fulltime","","","","","","","entry level","","","[]","Position Summary
  
  
Two Sigma is a financial sciences company, combining data analysis, invention, and rigorous inquiry to help solve the toughest challenges in investment management, securities, private equity, and venture capital.
  
  
Our team of scientists, technologists, and academics looks beyond the traditional to develop creative solutions to some of the world’s most complex economic problems.
  
  
Technology drives our business — it's our main advantage — and software engineers play a pivotal role.
  
  
Software engineers at Two Sigma focus on analysis, experimentation, design, and elegant implementation. They build the scalable tools the organization needs to explore data's possibilities and act on our findings – to mine the past and attempt to predict the future.
  
  
As a Two Sigma engineer, you'll champion the rigorous, collaborative, scientific approach that allows us to meet business needs. You'll join a forward-looking, future-reaching organization to build software that will scale with the company. You'll have opportunities to learn from others and share your expertise.
  
  
We attract engineers with a real passion for data. We seek individuals who want to build for today and invent for tomorrow. We value curiosity and insight, balanced with pragmatism and practicality. We recognize both the small steps, as well as the broad vision.
  
  
As a student, you will be hired into a general Software Engineering role and matched to a specific team 2-3 months before you start.
  
  
**Depending on the Engineering area you join, you will take on the following responsibilities:**

* Building the underlying infrastructure that virtually every other engineering team at Two Sigma uses, such as our distributed storage and public and private cloud environments.
* Ensuring the reliability of “mission critical” products and systems vital to Two Sigma, such as our main trading system.
* Using a suite of open source and proprietary tools to build the environments that test and deploy our quantitative strategies, also known as models.
* Building and maintaining the low-latency, high-performance infrastructure and systems responsible for executing trades.
* Building and scaling the infrastructure used to ingest data from 10,000+ sources daily.
* Partnering with our Corporate teams to develop tools, systems and products responsible for increasing productivity and efficiency across the organization.

**Wondering if this is the right role for you? You should possess the following qualifications:**

* A Bachelor’s, Master’s, or PhD degree in a technical or quantitative field.
* Experience with Java, C, C++, Python, Ruby, Perl, or other languages that target the JVM.
* Experience in large-scale systems.
* Exceptional programming skills.
* Strong analytical, organizational, and interpersonal skills.
* A passion of building quality software.
* We are open-minded in our search for critical thinkers who are passionate about technology. While we analyze the data-rich domain of finance, financial experience is not a requirement.","Financial Services","https://www.linkedin.com/company/two-sigma-investments","","","","","",""
"li-4322504180","linkedin","https://www.linkedin.com/jobs/view/4322504180","https://www.adzuna.co.uk/jobs/details/5419171224?v=693B9F2F38C90D557F3DC23F6C0AAE5DB70AF1E1&r=20742924&frd=5ccceb028d962d88f62acc291df1835a&ccd=c8383fac4c213d2a3102e4a441a66146&utm_source=linkedin3&utm_medium=organic&chnlid=1936&title=Software%20Engineer&a=e&urlHash=xE5d","Software Engineer","Gemba Advantage","London, England, UK","2025-11-14","fulltime","","","","","","","entry level","","","[]","Application Deadline
  
  
December 16, 2025
  
  
Department
  
  
Software Engineering
  
  
Employment Type
  
  
Permanent
  
  
Location
  
  
London (Hybrid)
  
  
Workplace type
  
  
Hybrid
  
  
**Compensation**
£40,000 - £85,000 / year
  
  
**Your Role At Gemba**
Your skills and experience:
  
  
Why join Gemba?
  
  
**About Gemba Advantage**
Gemba Advantage make high-impact software that is secure, scalable and sustainable. Our experience and expertise allows us to succeed inside and alongside our customers’ exacting operational environments. We make software that makes a difference.","Software Development","https://uk.linkedin.com/company/gembaadvantage","","","","","",""
"li-4340611600","linkedin","https://www.linkedin.com/jobs/view/4340611600","","Full-stack Engineer","Data Idols","London, England, UK","2025-11-14","fulltime","","","","","","","entry level","","","[]","Full-Stack Engineer
  
  
  
  
Salary: £100,000 - £110,000
  
  

Location: London- hybrid

Data Idols are working with an ambitious technology company using AI to transform how organisations learn, grow and adapt. Their mission is to build cutting-edge digital products that empower people with the skills and insights they need to thrive in a rapidly changing world. Working at the intersection of software engineering, data, and intelligent automation, they are creating innovative solutions used by global enterprises.

The Opportunity
  
  

We're looking for an experienced Full-Stack Engineer to join the team. This is a hands-on role at the forefront of AI innovation, designing, building and scaling digital products that blend human learning with intelligent automation. You'll collaborate closely with product designers, data scientists and AI specialists to deliver a high-performance, secure and intuitive user experience for clients.

Skills and Experience
  
  

* Develop and maintain end-to-end features across both backend services and front-end interfaces
* Design and optimise AWS infrastructure
* Deep knowledge of JavaScript, React and Node.js

If you are looking for a new challenge, then please submit your CV for initial screening and more details.

Full-Stack Engineer","Data Infrastructure and Analytics","https://uk.linkedin.com/company/data-idols","","","","","",""
"li-4258666101","linkedin","https://www.linkedin.com/jobs/view/4258666101","","Software Engineer","Deliveroo","London, England, UK","2025-11-13","fulltime","","","","","","","entry level","","","[]","**Why Deliveroo?**
We're building the definitive online food company, transforming the way the world eats by making hyper-local food more convenient and accessible. We obsess about building the future of food, whilst using our network as a force for good. We're at the forefront of an industry, powered by our market-leading technology and unrivalled network to bring incredible convenience and selection to our customers.
  
  
Working at Deliveroo is the perfect environment to build a definitive career, motivated by impact. Firstly, the impact that working here will have on your development, allowing you to grow faster than you might elsewhere; secondly, the impact that you can have on Deliveroo, leaving your mark as we scale; and finally, being part of something bigger, through the impact that we make together in our marketplace and communities.
  
  
**What you'll do?**
As a Software Engineer at Deliveroo, your individual work contributes to achieving goals in and across your team. While you will work with your team and you may lead projects, some of your work will contribute outside of your direct remit. You will report to managers and group leads and together deliver the results.
  
  
**Technical Execution**

* You will improve code structure, have an impact on architecture, and review code of any scope produced by your team.
* You'll aim to simplify the maintenance and operation of production systems, visibility, operational readiness, and health of your team's systems.

**Collaboration & Leadership**

* As well as leading from the front regarding technical execution, you'll build relationships with other engineering teams and, identify collaboration opportunities.
* You'll own larger pieces of work, assist with design and technical / implementation choices and influence the roadmap within your team.
* You will take an active role in the hiring process and conducting engineering interviews. This will also extend to the current team where you will support the personal growth of colleagues, encouraging efficiency in their roles.

**Expectations**
We want to emphasise that we don't expect you to meet all of the below but would love you to have experience in some of these areas.
  
  

* Pride in readable, well-designed, well-tested software
* Experience writing web-based applications in any language, and an interest in learning (Go, Ruby/Rails, Python, Scala, or Rust)
* Experience with relational databases (PostgreSQL, MySQL)
* Experience with web architecture at scale (20krpm and above)
* Experience with ""NoSQL"" data backends and other (Redis, DynamoDB, ElasticSearch, Memcache)
* Experience solving logistical problems with software

**Workplace & Diversity**
At Deliveroo we know that people are the heart of the business and we prioritise their welfare. We offer multiple great benefits in areas including health, family, finance, community, convenience, growth and relocation.
  
  
We believe a great workplace is one that represents the world we live in and how beautifully diverse it can be. That means we have no judgement when it comes to any one of the things that make you who you are - your gender, race, sexuality, religion or a secret aversion to coriander. All you need is a passion for (most) food and a desire to be part of one of the fastest-growing startups in an exciting space.","Software Development","https://uk.linkedin.com/company/deliveroo","","","","","",""
"li-4335734261","linkedin","https://www.linkedin.com/jobs/view/4335734261","","Software Engineer","Yapily","London, England, UK","2025-11-12","fulltime","","","","","","","mid-senior level","","","[]","**Who Are Yapily**
**Why we exist, and where we're headed:**
Our Mission: Redefining how the world interacts with value.
  
  
Our Vision: A world without financial friction
  
  
Our Purpose: To empower everyone to access and move value
  
  
At Yapily, we're building a powerful, scalable, and secure open banking infrastructure that redefines how the world interacts with value.
  
  
Our open banking platform powers leading companies, such as Adyen, Intuit QuickBooks, and Google. By delivering payment initiation, bank data access, and pre-built products, we enable businesses to innovate fast and push the boundaries of financial technology.
  
  
As an early pioneer of open banking, we're actively shaping the future of this industry with unrivalled expertise and a relentless focus on innovation.
  
  
**What We're Looking For**
At Yapily, we're building a powerful, scalable, and secure open banking infrastructure that redefines how the world interacts with value. Our open banking platform powers leading companies, such as Adyen, Intuit QuickBooks, and Google. By delivering payment initiation, bank data access, and pre-built products, we enable businesses to innovate fast and push the boundaries of financial technology. As an early pioneer of open banking, we're actively shaping the future of this industry with unrivalled expertise and a relentless focus on innovation.
  
  
In the fast-paced world of FinTech open banking, where innovation meets financial services, we are seeking a talented Backend Engineer to join our team in London. You will play a crucial role in developing and enhancing our backend infrastructure to support our growing suite of financial services.
  
  
Join us in shaping the future of open banking, and making a real impact in the financial industry.
  
  
Learn more: https://www.yapily.com/company/about-us
  
  
**Requirements**
**Key Tasks ...**

* Build and maintain highly scalable and secure web applications, services, and APIs
* Collaborate with Product Managers and stakeholders to gather and refine specifications and requirements
* Collaborate with Support and CSM functions to troubleshoot and debug customer issues
* Participate in code reviews to maintain code quality, promote knowledge sharing, and ensure high development standards across the organisation
* Write well-structured, reliable, efficient and easily maintainable code
* Learn about Open Banking and PSD and the different things you can build with the APIs provided

This list is not exhaustive, and there may be other tasks that we ask you to be involved in from time to time. Above all, you are flexible and want to add value wherever you can. You understand that in a start-up, priorities change and we all need to be adaptable. Not only will you be comfortable when asked to input and lead in other areas, but you'll be comfortable being a self-starter and instigating changes yourself.
  
  
**For your new role**

* You have experience with Java and Spring Framework
* You have experience with Kubernetes and micro services
* You can comfortably debug a distributed system e.g. using distributed tracing
* You can design a RESTful API and list all the pros and cons of your design
* You have an API-first product mindset: you care about customer outcomes and you like to listen to their use-cases before diving into code
* You can drive an initiative on your own, and you are also able support your team's goals
* You have a Bachelor's degree in Computer Science, Engineering, or related field. (5+ years of working experience)
* You are driven and curious. You ask questions and you strive to understand.
* You understand that the team will have different strengths. You're happy to learn from them and to share your expertise
* You are comfortable with the pace, ambiguity, and the need to be a self-starter that comes with working in a start-up

**Benefits**

* 25 days holiday a year (plus bank holidays) in the UK. We also offer an additional holiday day after 1 year's service, up to the value of 5 days
* We're serious about work/life balance and operate hybrid working, giving you the flexibility to work from home, working from our amazing office space or work abroad for up to 30 days per year ‘Nomad Working'
* Comprehensive Private Medical Insurance
* Life Assurance and Income Protection
* Company Pension Scheme
* Enhanced Paternity and Maternity leave
* £200 annual Learning and Personal Development budget
* Cycle To Work Scheme
* Employee Referral Scheme which offers £1,000 per employee referral
* Monthly social budget
* Daily snacks provided in the office
* Dog friendly office

**Our Values**
We obsess about quality
  
  

* Our customers have entrusted us with a critical function in a regulated industry...and we take that responsibility seriously. We always assume ownership and hold ourselves accountable

We are curious
  
  

* Our innovation is powered by our collective growth mindset. We're lifelong learners who challenge assumptions, experiment, and iterate

We act with integrity
  
  

* We're guided by our mission and earn and maintain trust by doing what's right, even when it's not easy

We are do-ers
  
  

* We reject indifference and agility is our strength.
* We're motivated by challenges, and biassed towards action

We problem-solve together
  
  

* We're diverse people in diverse places, and know the best solutions are born out of collaboration. We win, lose, and learn...together","IT Services and IT Consulting","https://uk.linkedin.com/company/yapily","","","","","",""
"li-4306536011","linkedin","https://www.linkedin.com/jobs/view/4306536011","","Software Engineer","Electronic Arts (EA)","Surrey, England, UK","2025-11-12","fulltime","","","","","","","mid-senior level","","","[]","**Description & Requirements**
Electronic Arts creates next-level entertainment experiences that inspire players and fans around the world. Here, everyone is part of the story. Part of a community that connects across the globe. A place where creativity thrives, new perspectives are invited, and ideas matter. A team where everyone makes play happen.
  
  
DRE are EA's global build automation specialists. We work with internal EA teams by providing services related to Build Automation, Continuous Integration, Metrics Reporting, and Virtual Infrastructure.
  
  
You would join DRE supporting The Sims franchise as a Build Software Engineer. The position is hybrid remote/in-office and you will report to the DRE Sims Technical Director.
  
  
**Responsibilities**

* You will work with our internal customers to design, and implement new automated workflows
* You will monitor our solutions to ensure they are running as expected, and debug and fix any issues found promptly, while communicating with our partners.
* You will identify gaps/toil within our workflows and implement automated scalable, reliable and repeatable solutions

**Qualifications**
*Engineering:*

* 3+ years of experience as a software engineer
* Object-oriented/scripting languages (e.g. Python, Groovy, C#, Java, or Ruby)
* Implement CI/CD pipelines (e.g. Jenkins, GitLab CI)
* Source control management tools (e.g. Perforce, Git)
* Configuration management tools (e.g. Chef, Ansible, Terraform, Packer)
* Cloud platforms (e.g. AWS, GCP, Azure)
* Containerization technologies (e.g. Docker, Kubernetes)
* Secrets management tools (e.g Vault)
* Artifact repositories (e.g. Artifactory, NPM, NuGet)
* Virtualization environments and tools (e.g. VMs, vSphere)
* Data and Observability tools (e.g. Splunk, Grafana, New Relic, Open Telemetry)

**Soft Skills**

* Agile familiarity
* Growth-oriented mindset
* Collaboration skills

**About Electronic Arts**
We’re proud to have an extensive portfolio of games and experiences, locations around the world, and opportunities across EA. We value adaptability, resilience, creativity, and curiosity. From leadership that brings out your potential, to creating space for learning and experimenting, we empower you to do great work and pursue opportunities for growth.
  
  
We adopt a holistic approach to our benefits programs, emphasizing physical, emotional, financial, career, and community wellness to support a balanced life. Our packages are tailored to meet local needs and may include healthcare coverage, mental well-being support, retirement savings, paid time off, family leaves, complimentary games, and more. We nurture environments where our teams can always bring their best to what they do.
  
  
Electronic Arts is an equal opportunity employer. All employment decisions are made without regard to race, color, national origin, ancestry, sex, gender, gender identity or expression, sexual orientation, age, genetic information, religion, disability, medical condition, pregnancy, marital status, family status, veteran status, or any other characteristic protected by law. We will also consider employment qualified applicants with criminal records in accordance with applicable law. EA also makes workplace accommodations for qualified individuals with disabilities as required by applicable law.","Entertainment Providers","https://www.linkedin.com/company/electronic-arts","","","","","",""
"li-4339959958","linkedin","https://www.linkedin.com/jobs/view/4339959958","","Founding Engineer","CLIQ","London Area, United Kingdom","2025-11-12","fulltime","","","","","","","mid-senior level","","","[]","**Founding Engineer (Full Stack)**

At CLIQ, we’re on a mission to bring people together in the real world. Forget endless swiping and small talk that goes nowhere, our app helps people discover events, meet like-minded individuals, and join communities that matter.

We’ve launched the first version of the app and early users are already building connections. Now we’re looking for a founding full-stack engineer to help us take CLIQ to the next level. You’ll be building features that people use every day to find their next gig, match, or meetup, and shaping the technical foundation of a product designed for scale.

**What You’ll Do**

* Architect, build, test, and ship features across frontend, backend, and infrastructure.
* Define technical standards, architecture, and engineering culture that will scale with the product.
* Build features like event creation, map-based discovery, and in-app notifications, quickly incorporating user feedback.
* Partner with founders, designers, and early team members to turn product ideas into a seamless experience.
* Ensure reliability, performance, and security as we grow user adoption.

**What We’re Looking For**

* Strong full-stack background with Node.js, TypeScript, React, and ideally React Native.
* Experience with frameworks/tooling like Express, GraphQL, Vite, React Query, Context API, and modern CSS frameworks.
* Solid understanding of API design, databases, and cloud deployments.
* Experience taking products from zero to one, ideally in a startup environment.
* A builder’s mindset: pragmatic, hands-on, and motivated by ownership.

**Nice to Have**

* Experience with mobile app build and release pipelines (App Store, Play Store).
* Familiarity with CI/CD, Docker, and cloud-native workflows (ideally in GCP).
* A track record of building B2C products where user experience, engagement, and scalability are front and centre.
* Comfort balancing UX with performance in consumer-facing apps.

**Why Join**

* Equity/Stock Options: play a key role in shaping the product and share in the upside as we scale.
* Remote-first: work primarily from home, with in-person team meetups in London around once a month.
* High impact; your work will directly shape the product and user experience from the very beginning.
* Mission-driven: join a team tackling digital isolation and building meaningful, real-world connections.

CLIQ is an Equal Opportunity Employer. We celebrate diversity and are committed to creating an inclusive environment for all employees.","Social Networking Platforms","https://uk.linkedin.com/company/the-cliq","","","","","",""
"li-4335414748","linkedin","https://www.linkedin.com/jobs/view/4335414748","","Software Engineer, Intern","Stripe","London, England, UK","2025-11-11","internship","","","","","","","internship","","","[]","Who we are
  
  
**About Stripe**
Stripe is a financial infrastructure platform for businesses. Millions of companies—from the world’s largest enterprises to the most ambitious startups—use Stripe to accept payments, grow their revenue, and accelerate new business opportunities. Our mission is to increase the GDP of the internet, and we have a staggering amount of work ahead. That means you have an unprecedented opportunity to put the global economy within everyone’s reach while doing the most important work of your career.
  
  
**About The Team**
Our internship program will provide an opportunity to work on meaningful products that will grow the GDP of the internet. Through the internship, you will work with many systems and technologies, gain experience in systems design and testing, and have opportunities to present your work to your team and the wider org. Each intern has a dedicated intern manager, and every project is part of the team’s roadmap and will directly help Stripe’s mission.
  
  
What you’ll do
  
  
Every internship at Stripe centers around a real, legitimate project that our customers urgently need, touching many parts of our operations and stack. We will support you in shipping it. Yes, you will actually ship it. Some recent projects include rebuilding our statistics aggregation service, building new service discovery systems, and many user facing projects like making it easy to understand error messages on Stripe Checkout. As a Stripe intern, you'll be tackling important projects to increase global commerce, while working alongside exceptional people who insist on doing their best work. You’ll learn from people with high standards who are great at inspiring others to do more and go further. We value technical and personal growth, and see our internship program as a vehicle to foster both.
  
  
**Responsibilities**

* Write software that will be used in production, and has meaningful impact to Stripe
* Give and receive technical feedback through code reviews or design discussions
* Collaborate with other engineers and cross-functional stakeholders to proactively seek and incorporate feedback
* Learn quickly by asking great questions, by working with your intern manager and teammates effectively, and by communicating the status of your work clearly

Who you are
  
  
We’re looking for someone who meets the minimum requirements to be considered for the role. If you meet these requirements, you are encouraged to apply. The preferred qualifications are a bonus, not a requirement.
  
  
**Minimum Requirements**

* A strong fundamental understanding of computer science through pursuit of a Bachelor’s, Master’s, or PhD degree in computer science, math, or a related discipline
* Some experience and familiarity with programming, either through side projects or classwork. We work mostly in Java, Ruby, JavaScript, Scala, and Go. We believe new programming languages can be learned if the fundamentals and general knowledge are present
* Experience from previous internships or other multi-person projects, including open source contributions, that demonstrate evaluating and receiving feedback from mentors, peers, and stakeholders
* Ability to learn unfamiliar systems and form an understanding of those systems, through independent research and working with a mentor and subject matter experts

**Preferred Qualifications**

* At least 2 years of university education, or equivalent work experience
* One or more areas of specialized knowledge balanced with general skills and knowledge, such as knowing more frontend technologies and, at a high level, how a service handles an HTTP request
* Understanding and some experience writing high quality pull requests, with good test coverage, and working knowledge to complete projects with minimal defects
* Familiarity with navigating and managing your work in new code bases, with multiple languages
* Ability to write clearly to explain your work to stakeholders, team members, and other Stripes.

In-office expectations
  
  
Office-assigned Stripes in most of our locations are currently expected to spend at least 50% of the time in a given month in their local office or with users. This expectation may vary depending on role, team and location. For example, Stripes in our Bucharest, Romania site have an 80% in-office expectation, and those in Stripe Delivery Center roles in Mexico City, Mexico and Bengaluru, India work 100% from the office. Also, some teams have greater in-office attendance requirements, to appropriately support our users and workflows, which the hiring manager will discuss. This approach helps strike a balance between bringing people together for in-person collaboration and learning from each other, while supporting flexibility when possible.
  
  
Pay and benefits
  
  
The annual salary range for this role in the primary location is £49,200 - £49,200. This range may change if you are hired in another location. For sales roles, the range provided is the role’s On Target Earnings (“OTE”) range, meaning that the range includes both the sales commissions/sales bonuses target and annual base salary for the role. This salary range may be inclusive of several career levels at Stripe and will be narrowed during the interview process based on a number of factors, including the candidate’s experience, qualifications, and specific location. Applicants interested in this role and who are not located in the primary location may request the annual salary range for their location during the interview process.
  
  
Specific benefits and details about what compensation is included in the salary range listed above will vary depending on the applicant’s location and can be discussed in more detail during the interview process. Benefits/additional compensation for this role may include: equity, company bonus or sales commissions/bonuses; retirement plans; health benefits; and wellness stipends.","Software Development, Financial Services, and Technology, Information and Internet","https://www.linkedin.com/company/stripe","","","","","",""
"li-4335274192","linkedin","https://www.linkedin.com/jobs/view/4335274192","","Full Stack Software Engineer B2B","UNiDAYS","London, England, UK","2025-11-10","fulltime","","","","","","","entry level","","","[]","**Job Description**
A Software Engineer in UNiDAYS is a hands-on software development role focused on building innovative solutions to delight our members and drive product success in a fast-paced company.
  
  
It’s more than just lines of code; we are looking for a commercially-minded Full Stack Engineer who can bridge the gap between user needs and business goals. You will have the ability to build resilient, cost-effective solutions and navigate evolving market demands.
  
  
You will be working in our B2B team alongside our product, delivery, and engineering teams, defining, refining, building, and measuring the impact of the solutions you implement. Our B2B products are key to everything we do, enabling our users (students and graduates) to access a wide range of learning, earning, and retail experiences with some of the top brands on the planet.
  
  
You will play a key part in the continuing transition of our identity product to a modern web stack, powered by our new distributed, event-driven, cloud-based architecture.
  
  
**Job Requirements**
In order to be your best self in this role, you will be/have:
  
  

* A working knowledge of TypeScript
* Experience with modern React
* An understanding of modern web frameworks, including Next.js
* An understanding of unit testing (ideally jest) and e2e testing (e.g. Cypress/Playwright)
* Knowledge on web best practices for performance, accessibility, core web vitals and SEO
* A passion for engineering craft - you practise writing maintainable code, reviewing code, pair programming at times, and writing tests
* A desire to build systems that are stable, scalable, secure, observable, and performant
* You seek to understand how your work aligns with business goals and maximise the impact
* An understanding of agile methodologies such as scrum, kanban etc. and the adaptability to respond to the needs of the business
* Strong problem-solving skills and attention to detail
* Excellent communication and collaboration skills

**Technical Qualifications**

* JavaScript
* TypeScript
* React
* Next.js
* MUI
* Agile Methodologies
* NX
* Emotion.js
* Next Auth
* Payload

**Job Responsibilities**

* Contributing to the team's goal of delivering our next generation marketplace product
* Deliver impactful features with a pragmatic approach
* Proactively contributing to the betterment of other engineers in the company by providing constructive, candid feedback
* Work closely with engineering leaders to build modern and scalable technical solutions
* Work closely with product managers and product owners in creating relevant and performant features for our users
* Assist in the communication of solutions/risks of technical problems to non technical stakeholders.
* Support with ensuring high availability of our critical systems and being proactively involved in monitoring and incidents

**Job Benefits**
We've accomplished a lot since we started in 2011, but in many ways, this is just the beginning. This is the chance for you to get in on ground zero. An opportunity to make a difference within the business with global reach. We are the world’s largest Student Affinity Network, with over 22 million verified members in 115 markets including the US, UK, Germany, India, Canada and Australia. We work with 800 of the world’s biggest brands globally, taking their products and services into the hearts and minds of tomorrow’s professionals, delivering engagement, building affinity and sales. You’ll also be working for a Great Place to Work CertifiedTM company who have been recognised on the UK’s Best WorkplacesTM for Wellbeing and UK's Best Workplaces for Women 2022 list. To find out more about our workplace initiatives, see our UK exclusive case study with Great Place to Work and be sure to visit our profile for more information.
  
  
We offer a fast paced, fun & social working environment where you can truly make an impact. We believe that work should enhance and complement your life which is why we leave it up to you to decide where you work. You can choose to work from your assigned campus (either Nottingham or London) or from home, whatever works best for your individual needs. Your manager may request you attend team meet ups at your campus but other than that it is up to you! We work hard at UNiDAYS, but we also believe in fair compensation for hard work. That's why we're pleased to offer all employees full access to our comprehensive benefits package.
  
  
**Our Perks Include**

* 25 days holiday per year increasing with length of service, plus flexible bank holidays
* Competitive salaries
* 4pm finishes every Friday
* Company bonus scheme
* Company pension scheme
* Private health insurance (BUPA)
* Income protection policy
* Life assurance policy
* Employee Assistance Program
* Enhanced parental leave pay
* Core hours with flexibility around how/when you manage your time
* Regular team building activities
* The latest tech and hardware will be supplied from day one
* Good Vibes Program: we know we’ve all had to adapt to new ways of working and UNiDAYS has always taken pride in the community we’ve created in the office but we’re just as committed to creating an innovative approach to fostering connections and improving engagement outside of the office! We want to boost your remote working experience so think virtual parties, pottery classes, wellness classes and guest speakers just to name a few!
* Support for home working for all new team members. We will help assess your home set up and you can expense £150 towards any additional furniture you may need to be safe and comfortable when working from home

We are an equal opportunity employer and value diversity at our company. We do not discriminate on the basis of race, religion, colour, national origin, gender, sexual orientation, age, marital status, veteran status or disability status.","IT Services and IT Consulting","https://uk.linkedin.com/company/unidays","","","","","",""
"li-4316216860","linkedin","https://www.linkedin.com/jobs/view/4316216860","","AI Engineer - Up to 130k basic + equity","Saragossa","London Area, United Kingdom","2025-11-10","fulltime","","","","","","","mid-senior level","","","[]","Do you want to enhance your AI experience? This is your chance.

You're going to be coming in to build out various AI solutions, specifically LLM/GenAI products that have been designed for clients. You'll be joining a team of AI Engineers who have the core AI experience, but in some cases aren't hardcore engineers who can build out the in-depth software backend. That's where you'll come in.

This is still a heavily focused AI job, you'll be hands on with the AI solutions and the build into production, but the great part is that you don't have to be as strong on the AI side as the true AI Engineers, your key impact will come on the Python side. Over time, you'll pick up the expert level skills in AI and vice versa for the others.

So, with that, it'll be no surprise that you're going to need to be a great Python software developer. Additionally, strong experience working with data and building microservices will also be a huge plus. Some experience with LLMs/GenAI will be necessary but you don't need to be an expert.

You'll be joining a scale-up AI Consultancy who are working closely with clients across all industries to build cutting edge AI technology. You will be liaising with these clients too, understanding their projects and building the solution collaboratively.

It's a hybrid working environment, with some need to travel to client site. Starting salary will be up to £130,000 plus a range of benefits that are continuously improving as the company grows.

Want to build your AI skills whilst leveraging your Python development skills? Get in touch.

No up-to-date CV required.","Financial Services, IT Services and IT Consulting, and Investment Management","https://uk.linkedin.com/company/saragossa","","","","","",""
"li-4334896285","linkedin","https://www.linkedin.com/jobs/view/4334896285","","Junior Software Developer","KSEYE","London, England, UK","2025-11-07","fulltime","","","","","","","entry level","","","[]","**Location**
: Head Office, Swiss Cottage, London
  
  
**Salary**
: Up to £40,000 (DoE)
  
  
**Hours**
: 9:30 17:30
  
  
**Reporting To**
: Head of Operations
  
  
**Job Type**
: Full Time
  
  
**The Company**
KSEYE Group is an established bridging finance company specialising in bridging and short-term lending markets. Following the introduction of AI efficiencies and improved operational performance, the company is now seeking to employ a junior/graduate level developer to work closely with the Head of Operations and support the streamlining and process establishment of the Operations team and wider company.
  
  
**Job Summary**
As a junior developer for KSEYE, you will be responsible for driving operational excellence by identifying, planning, and executing business process improvements through our systems and bespoke in-house software. You will work closely with cross-functional teams to analyse, design, and implement changes and implement, where suitable, AI and automation to existing processes and systems.
  
  
**Responsibilities**

* Assist in developing and maintaining AI-driven chatbot scripts to support customer service, broker communication, and internal query automation.
* Collaborate with the Operations team to identify repetitive tasks or workflows that can be streamlined through AI or simple automation scripts.
* Support the enhancement and maintenance of company websites, CRMs, systems and intranet, ensuring accurate content, smooth functionality, and a positive user experience for staff and partners.
* Demonstrate a commitment to quality by applying industry best practices in all development and process improvement activities. Ensure that solutions are robust, secure, and maintainable, with appropriate documentation and testing standards embedded throughout the lifecycle.
* Integrate AI tools and APIs (such as OpenAI, Google AI, or Microsoft Copilot) into existing operational systems to improve efficiency and data handling.
* Assist in LMS maintenance and updates, ensuring clean, structured, and accessible data for both internal systems and reporting tools.
* Participate in the design and development of internal dashboards or reporting tools, improving visibility of key operational metrics for management.
* Contribute to documentation and code stores, following best practices for version control, commenting, and technical standards.
* Work with third-party technology vendors or APIs to support integrations, troubleshoot issues, and test new digital solutions.
* Stay up to date with emerging technologies in AI, automation, and web development, suggesting practical ways these can be adopted across the companys lending operations.

**Education & Experience**

* Educated to degree level, or equivalent, with an education background in IT, Software, Systems, Artificial Intelligence BSc/Beng or similar.
* Keen interest in the Financial Services, Banking, Lending or similar sector(s).
* A strong and demonstrable understanding of process improvement, change management and/or creating operational efficiencies.
* Excellent communication and analytical skills.
* Ability to prioritise effectively to manage several time critical tasks at once.
* Good understanding of software development, coding, integrations, building efficiencies and systems.

**Company Benefits**

* Private Medical Insurance [Vitality].
* Cycle to Work scheme.
* Discretionary annual bonus.
* Holiday buy back scheme.
* Monthly team socials.
* Summer & Winter Company socials.
* Hybrid working.
* Employee of the month rewards.
* Fundraising events.

***Equal Opportunities***
*KSEYE Group is an equal opportunities employer and is committed to ensure that no applicant or employee receives less favourable treatment on the grounds of gender, age, disability, religion, belief, sexual orientation, marital status, or race, or is disadvantaged by conditions or requirements which cannot be shown to be justifiable.*
*Should you have any questions or require additional information, please contact*
*and a member of the team will be in touch in due course.*
LNKD1\\_UKTJ","Software Development","https://uk.linkedin.com/company/kseye","","","","","",""
"li-4321177929","linkedin","https://www.linkedin.com/jobs/view/4321177929","","Software Engineer","Tourism Marketing Agency","London, England, UK","2025-11-07","fulltime","","","","","","","entry level","","","[]","**The role**
With over 150,000 payment devices in the market and a rapidly expanding hardware ecosystem, the ability to manage the entire device lifecycle flawlessly is critical to Dojo's success. The
**Device Management**
team is at the heart of this challenge. Our mission is to deliver a seamless and efficient end-to-end lifecycle for every Dojo device, ensuring they are provisioned, managed, and supported at scale.
  
  
As a Software Engineer on this team, you will be a key contributor to building the scalable, high-traffic backend systems that make this possible. You will have the opportunity to work on both extending our existing services and building new APIs and tools from the ground up. We're looking for a collaborative backend engineer who is passionate about building resilient, distributed systems and is excited by the challenge of operating at a massive scale. If you want to grow your skills while solving complex problems with elegant software, this role is for you.
  
  
**What You Will Do**

* Contribute to the design, development, and operation of the high-traffic backend systems that manage our entire device fleet.
* Write clean, maintainable, and well-tested code in Go for both new and existing microservices and APIs.
* Collaborate with other engineers and your product manager to deliver features that improve our operational efficiency and enable new capabilities for our customers and partners.
* Take ownership of your work, from implementation and testing through to deployment and monitoring in our production environment.
* Help evolve our platform to handle a rapidly growing and diversifying fleet of hardware.

**What you will bring**

* Solid experience in back-end development, preferably with experience in a micro-services architecture.
* Experience with Golang.
* Familiarity with cloud infrastructure (e.g., GCP, AWS) and CI/CD principles.
* A product-centric mindset and a genuine interest in building reliable, high-traffic systems.
* A collaborative spirit and a strong sense of ownership for the quality and resilience of your code.
* An interest in solving complex operational and logistical challenges with technology.","Advertising Services","https://uk.linkedin.com/company/tourismmarketingagency","","","","","",""
"li-4334871430","linkedin","https://www.linkedin.com/jobs/view/4334871430","https://radical.getro.com/companies/slingshot-2-5bcfec56-b875-4bc0-bb54-ba0ac2d98804/jobs/61801228-member-of-technical-staff#content&urlHash=uFgm","Member of Technical Staff","Slingshot","London, England, UK","2025-11-07","fulltime","","","","","","","mid-senior level","","","[]","Location
  
  
London
  
  
Employment Type
  
  
Full time
  
  
Department
  
  
Engineering
  
  
**Slingshot AI**
Slingshot AI is the team behind Ash, the first AI designed for mental health. Our mission is to make support more accessible and help people change their lives in the ways they want.
  
  
We’re building a world-class team by empowering individuals with the autonomy, flexibility, and support they need to do their best work. We dream big, iterate fast, and care deeply. If that sounds like you, we’d love to hear from you.
  
  
Our team spans machine learning, product, engineering, conversational design, clinical, growth, and operations, with offices in both New York City and London.
  
  
We're a well-funded Series A company, having raised $93M from Andreessen Horowitz, Radical Ventures, Forerunner Ventures, plus top-tier tech investors involved in ElevenLabs, Captions, Shopify, Plaid, Notion, Canva, Twitch, Airtable, and many others.
  
  
**The role**
As Member of Technical Staff, you’ll join our tight-knit machine learning team working applied ML research, focused on model evaluations, data curation, and model training, working very closely with our product team. Our models have real-world impact, so this is a pragmatic, high-impact role. We ship a lot. You’ll be able to work at a faster pace than almost anywhere else while writing high-quality code and producing meaningful scientific insights.
  
  
Some of our current work includes data collection, curation, continued pre-training, ablation studies, developing evals, supervising the creation of hand-crafted data, preference optimisation, training reward models, and state-of-the-art reinforcement learning research. You'll also contribute to our end-user product, improving user experience through your work on our models and model orchestration.
  
  
You’ll be working with the latest open-source language models as well as frontier models through our deep partnerships with the largest AI labs. You’ll read papers and identify state-of-the-art techniques for us to learn from and contribute to our core ML research.
  
  
We write high-quality, typed, Zen code, mostly in Python. Our application backend is written in Kotlin and our ML stack utilises modern tooling in the ML space, including some that we’ve developed in-house (React/Typescript).
  
  
**About You**
*We expect our MTS to be highly autonomous and intelligent individuals who may not fit our exact mold. Feel free to apply even if you don't exactly have the right experience, if you’re ready to learn quickly on the job, or believe you can contribute in ways we haven’t thought about yet.*

* Experience developing deep learning models in PyTorch, TensorFlow or JAX, include 3+ years in a production environment.
* Experience training open-source language models, especially for domain adaptation.
* Experience with basic software engineering, especially in a language other than Python. You should have an understanding of modern software architectures.
* Enjoy a fast-paced environment and make pragmatic decisions. Ultimately, you’d rather prove out an idea through quick MVP code, than present a slide deck to explain it.
* Excellent at explaining complex ideas to non-technical people.
* Understand and appreciate that deep learning is magic!

**Key Responsibilities**

* Conduct applied ML research to enhance our models' capabilities in the mental health domain, working closely with Product and Clinical teams to identify high-impact areas for improvement.
* Design and implement evals to measure model performance, establish benchmarks, and detect capability regressions before they reach production.
* Develop systems to help us scale model training and ensure model inference runs smoothly in production.
* Stay current with state-of-the-art ML research, identify promising techniques, and adapt them to our use case.
* Contribute to the full stack when needed, collaborating with other teams to integrate new models and ML capabilities into the Ash product, from prototype to production deployment.

**What We Offer**

* A chance to join a passionate tight-knit team working on something to change the world
* Competitive compensation (we target 90th percentile)
* Travel between our NYC / London offices
* Usual startup perks like free lunch in our offices + generous learning budget
* Generous budget to cover your personal therapy","Higher Education","https://www.linkedin.com/company/slingshotedu","","","","","",""
"li-4334662094","linkedin","https://www.linkedin.com/jobs/view/4334662094","","Junior Software Engineer","Step One Finance Limited","Woking, England, UK","2025-11-06","fulltime","","","","","","","entry level","","","[]","We are seeking a talented and motivated full-time Junior Software Engineer to join our team at an exciting time of business growth and transformation. Located just a two-minute walk away from the Woking town centre, Step One Finance provides challenging and rewarding careers. We achieve this by offering continuous learning and development, collaborative teamwork environment and exposure to a wide variety of work. Imagine and shape your future at Step One Finance Limited where you can grow professionally, in a diverse and inclusive workplace that rewards your contribution.
  
  
Step One Finance is proud to be an equal opportunity employer, and we take affirmative action to create a more inclusive and equitable world of work.
  
  
**Key Responsibilities**

* Contribute to the planning and execution of technology projects to deliver business value to the company and clients.
* Design, develop and maintain financial applications and solutions using various programming languages (e.g. C#, Python, SQL) and technologies (Microsoft Azure).
* Participate in unit testing, integration testing and debugging to ensure code quality and functionality.
* Work closely with other colleagues and stakeholders to gather requirements, design solutions and implement features.
* Update technical skills and knowledge of financial products and regulations through training, mentorship and self-learning.
* Improve the performance and scalability of systems by identifying bottlenecks and implementing optimizations.
* Ensure that developed solutions meet the security and compliance standards of the financial industry, including data protection and regulatory requirements.
* Provide technical support for existing software solutions, troubleshoot issues and implement enhancement or fixes as needed.
* Prepare and maintain comprehensive technical documentation to assist in future development, support and audits.

**Key Skills**

* Solid understanding of object-oriented programming and software design principles.
* Proficient in programming languages such as C#, Python, and JavaScript.
* Strong understanding of SQL, API integration, and Microsoft Azure.
* Excellent problem-solving, analytical, and logical thinking abilities.
* Detail-oriented and organized, with strong ownership of work and deliverables.
* Quick to learn and adapt to new technologies and frameworks.
* Achieved a 2:1 or above in Computer Science or Software Engineering.

**Personal Attributes**

* A strong team player with a friendly, professional approach
* Proactive and self-motivated with a can-do attitude
* Pragmatic, flexible, and solutions-focused
* Committed and conscientious, with a drive to deliver results
* Honest, reliable, and operates with integrity

**Why Join Us?**

* Competitive salary
* The chance to be a key part of a growing company
* A dynamic and supportive team culture where your contributions are truly valued
* Comprehensive range of the employee benefits- subject to scheme rules

LNKD1\\_UKTJ","Software Development","https://uk.linkedin.com/company/step-one-finance-limited","","","","","",""
"li-4331158575","linkedin","https://www.linkedin.com/jobs/view/4331158575","https://www.totaljobs.com/job/software-engineer-javascript-react-typescript-node/inspire-people-job106055321?WT.mc_id=A_RE_LNKORG_MP6_C11_0_TJ&adjust_t=1b376svt_1bh5dso4&adjust_campaign=A_RE_LNKORG_MP6_C11_0_TJ&urlHash=KfCz","Software Engineer - JavaScript / React / Typescript / Node","Gespreksleider Jacobs","London, England, UK","2025-10-24","fulltime","","","","","","","entry level","","","[]","We are seeking a highly skilled Software Engineer with strong JavaScript / React / Typescript / Node for application development to join a dynamic development team within a Central Government Dept. As a Software Engineer, you will play a pivotal role in designing, developing and maintaining web applications with a focus on React and AWS Technologies. 3 Month contract, up to £700 a day Inside IR35. Hybrid working min. 2 days a week in London. Candidates must be eligible for SC clearance (typically min. of 3 of last 5 years resident in the UK).
  
  
**As a Software Engineer, you will have relevant experience in:**

* JavaScript, React, Node.js and TypeScript.
* Strong experience in writing reusable, testable components, within React.
* Proficiency in modern JavaScript (ES6) and JSX syntax.
* Experience with building and maintaining RESTful API's using Node.js.
* Ability to write optimised SQL queries for data retrieval, manipulation and management.
* Experience with developing accessible, responsive layouts using componentised CSS/SASS.
* Developing and maintaining applications in serverless environments using distributed architecture and AWS tools including Lambda, API Gateway, S3, Cognito & RDS.
* Working practices such as test-driven development or behaviour-driven development.
* TypeScript testing using Jest or a similar framework and React Testing Library or Enzyme for component testing.

**Desirable To Have**

* Familiarity with SQL database concepts and hands on experience with PostgreSQL.
* Familiarity with version control using Git.
* Experience of continuous integration and continuous delivery using Github actions.
* Experience of working in an Agile environment.
* Knowledge of software engineering practices and design patterns.
* Ability to collaborate with cross functional teams, including individuals from various disciplines to deliver high quality software.
* Excellent communication skills, both written and verbal, to effectively convey technical concepts to team members and stakeholders.
* Experience of end to end testing e.g. Cypress

Inspire People is an employment business providing services to the end user and candidates.
  
  
Contact Andrew Medhurst at Inspire People for more details.
  
  
LNKD1\\_UKTJ","Software Development","https://www.linkedin.com/company/gespreksleider-jacobs","","","","","",""
"li-4318510422","linkedin","https://www.linkedin.com/jobs/view/4318510422","","Full Stack Engineer","Route Reports","London, England, UK","2025-10-22","fulltime","","","","","","","mid-senior level","","","[]","**About Route Reports**
Route Reports builds cutting-edge devices and software for inspecting roads, railways, and airports. We empower infrastructure teams with real-time data and analytics to keep infrastructure safe and costs down. Our AI hardware and software solution is market-leading in the UK, and we work with clients like Network Rail, Gatwick Airport, Essex Highways, Surrey County Council, and many other large infrastructure operators in the UK and the US.
  
  
**The Opportunity**
As a Full Stack Engineer, you’ll design, develop, and maintain both front-end and back-end components of our web platform. You’ll work closely with other software and hardware developers, our customers, and our partners to develop the platform.
  
  
**Key Responsibilities**

* Architect and implement new features across our React front end and Python/JS backend.
* Build and integrate with RESTful APIs, microservices, and data pipelines
* Optimise application performance, load times, and reliability
* Collaborate on UX design, sprint planning, and code reviews
* Ensure security best practices and compliance with data-protection standards

**What We’re Looking For**

* 3+ years’ experience in full-stack web development (React, Vue, or Angular; Node.js, Django, or similar)
* Strong understanding of REST APIs and relational (eg. Postgres) databases.
* Familiarity with cloud platforms (AWS, Azure, or GCP) and containerisation (Docker, Kubernetes)
* Excellent communication skills and a proactive, problem-solving mindset
* Have built web applications that include auth, internal and external APIs and scalable architecture
* A proactive and self-managing attitude
* (Desirable) Detailed knowledge of using PostgreSQL or PostGIS in a production environment
* (Desirable) Typescript experience
* (Desirable) Have worked with core AWS services (S3, Lambda, DynamoDB, API

Gateway, Kinesis, Cognito, or comparable services on other platforms)
  
  
**Working at Route Reports**

* This role is hybrid, with occasional travel around the UK for customer visits. We have an office in Battersea Power Station, and WeWork passes are available in 40 locations around London. Remote working is available.
* 25 Days PTO (not including Bank Holidays) + your birthday off.
* We provide a Personal Development Budget: £1000 annually towards any pre-approved learning opportunity.
* We host regular team social events (including team members flying to London from abroad)","Data Infrastructure and Analytics","https://uk.linkedin.com/company/route-reports","","","","","",""
"li-4318516271","linkedin","https://www.linkedin.com/jobs/view/4318516271","https://jobs.ashbyhq.com/deductive/ad89510a-6a8d-4376-8bc1-32d409e30c09/application?utm_source=9bJyQ38oy5&urlHash=7FP-","Software Engineer Intern, London","Deductive AI","London, England, UK","2025-10-22","fulltime","","","","","","","internship","","","[]","**Company Description**
Deductive AI is building the world's first real-time reasoning engine that can help root cause and mitigate large-scale software outages by reasoning about distributed systems, code, and statistical anomalies in real-time across unprecedented volumes of telemetry data (metrics, logs, traces, and events). Our team has decades of experience in building and maintaining large-scale production systems at Databricks, Facebook, Thoughtspot, Google, Splunk, and Amazon. As a company, we are extremely well-funded by some of the top VCs in the valley and are fortunate to have the backing of stellar investors and advisors.
  
  
**Role Description**
We are seeking interns to work with us on cutting edge technology. We are solving some very interesting problems at the intersection of AI, code understanding, data analytics. Our work involves distributed systems, building AI agents and fine tuning and benchmarking LLMs.
  
  
This is a paid, on-site internship role at Deductive AI located in Camden, London. As a Software Engineering Intern at Deductive AI, you will have the opportunity to build the next generation of foundational code and data processing systems that can reason on extremely large amounts of structured and unstructured data. We are able to match projects based on the skill set and preference of the intern.
  
  
**Qualifications:**

* Enrolled in a Master’s, or PhD program in Computer Science, or a related technical field, with a strong academic record.
* Strong foundation in computer science with competencies in data structures, algorithms, and system design.
* Familiarity with advanced programming languages such as Java, Scala, Python, Javascript or C++, with a strong grasp of algorithm optimization.
* Familiarity with machine learning frameworks and libraries, and a keen interest in applying ML techniques to real-world problems.
* Previous experience or knowledge of code and observability tools, real-time analytics, and large-scale system design is highly desirable.
* Strong analytical and problem-solving skills, and attention to detail.

**Applicants must be authorized to work in the UK, as Deductive AI is not sponsoring UK visas at this time**
**What we offer:**

* Hands-on experience in a fast-growing startup with a disruptive product.
* Direct mentorship from highly experienced engineers and interaction with our renowned advisors and investors.
* A collaborative, inclusive, and dynamic work environment.
* Competitive compensation and potential for full-time opportunities.
* Opportunities to attend, publish, and speak at leading academic and industry conferences","Software Development","https://www.linkedin.com/company/deductive-ai","","","","","",""
"li-4318500855","linkedin","https://www.linkedin.com/jobs/view/4318500855","","Software Engineer - Remote","Lottie","London, England, UK","2025-10-22","fulltime","","","","","","","entry level","","","Alice.Rooke@lottie.org","🏷️
**Title:**
Software Engineer
  
  
👫
**Department:**
Engineering
  
  
💰
**Salary:**
£60,000 - £80,000
  
  
🎁
**Benefits & Culture:**
Lottie’s careers page here, Lottie’s tech careers page here
  
  
🎥
**Meet our CTPO:**
Solving hard problems in care
  
  
📈
**Equity:**
A very generous EMI share offering
  
  
🌴
**Holiday:**
26 days + bank holidays
  
  
💗
**Mission:**
Elevate later life for everybody and build the care sector of the future
  
  
💻
**Office Policy:**
Remote
  
  
🌍
**Office Location:**
Remote
  
  
**🔍
**The Opportunity:****
The care sector is being transformed by technology, and we're looking for a Software Engineer to build a key part of this transformation. You'll drive the implementation of features for Found OS, our next-generation SaaS platform that's revolutionising care home management. You'll be working on the system that helps care providers manage enquiries, track occupancy, handle billing, and deliver better care to residents across the UK.
  
  
This is a hands-on role where you'll contribute to technical excellence while shipping fast. You'll work across our full stack (TypeScript, Node.js, React, Kubernetes), and experiment extensively with AI. We're looking for someone who embodies ""outcomes over output"" - someone who cares deeply about solving real problems for care providers, not just writing code.
  
  
**💻 What does this role involve?**

* Building high-impact features for FoundOS, collaborating closely with your cross functional team
* Writing clean, well-tested code that ships daily - we optimise for sustainable throughput and move fast.
* Collaborating with Product and Design to contribute to feature decisions based on care provider needs and business outcomes.
* Experimenting with AI tools and integrations to enhance both care provider workflows and internal productivity.
* Contributing to our platform evolution and improving developer experience.
* Contributing to our engineering culture of continuous improvement.

**💪 What problems will you be solving?**

* Revolutionising care management with AI - You'll integrate AI to automate mundane tasks, provide intelligent transcriptions and offer predictive analysis, freeing up care providers to focus on what matters most - resident care.
* Building the operational backbone of care homes - you'll develop the core FoundOS platform, building robust modules for enquiry tracking, resident occupancy, and billing. This work creates the essential tools care homes depend on daily to run their business efficiently and deliver excellent care.
* Connecting the fragmented care ecosystem - You'll create seamless integrations with crucial accounting software (QuickBooks, Sage) and care planning systems. Your work will also feed FoundOS data into our marketplace, providing unique insights that help families find the right care for their loved ones.
* Informing strategic decisions with data - You'll build comprehensive reporting and analytics dashboards that give care home operators the insights they need to optimise their operations and improve resident outcomes.

**👀 We think you’ll be a great fit if…**

* You have 1-4 years of hands-on software engineering experience with strong TypeScript skills and full-stack development across modern web technologies.
* You're product-minded. You think about user outcomes, not just technical solutions. You can translate business requirements into elegant technical solutions.
* You write code that others love to work with - clean, tested, and maintainable. You believe in continuous improvement and leave code cleaner than you found it.
* You're obsessed with AI and actively experiment with LLMs, coding assistants (Claude Code, Cursor, Windsurf, …), and AI-driven productivity improvements. You understand both the potential and limitations of current AI tools.
* You thrive with autonomy but love collaborating. You are a self-starter who can see tasks to completion while contributing meaningfully to team discussions and code reviews.
* You ship fast and iterate. You prefer ""good enough today"" over ""perfect next week"" and optimise for learning speed over prediction accuracy.
* You're genuinely curious about eldercare and motivated by our mission to transform how families find and access care.
* You're eager to learn and stay current with technology trends, especially in AI and web development.

*Sound like you but not quite 100%? Apply anyway - we're looking for potential and passion, not perfect CV match!*
**💔 This role isn’t for you if…**

* Our mission to elevate later life care doesn’t resonate with you.
* You prefer working in isolation rather than as part of a collaborative, fast-paced team.
* You're uncomfortable with ambiguity or prefer detailed specifications over problem-solving from first principles.
* You haven't embraced AI tools in your development workflow or aren't curious about AI's potential.
* You prioritize perfect architecture over shipping working software to users.
* You're looking for a role where you can specialise in a specific area (ex: pure backend or pure frontend)

**🔢
**Lottie’s**
**Interview Process****

* Screening interview led by Lottie’s Talent Acquisition Lead
* First round interview led by Hiring Manager
* Technical assessment interview with the Hiring Manager and one member of Lottie’s Senior Management Team
* Behavioural interview with Hiring Manager
* Final interview with Will Donnelly (Lottie’s Co-Founder & CEO)

🤩
**Candidate Experience:**
All candidates will be informed of their application status.
  
  

* Pre-Screen & First Interview: You'll receive an email notification, but no specific feedback will be provided at this stage.
* Hiring Manager Interview: If you are unsuccessful after this interview, you will receive constructive feedback via email.
* Case Study: If you are not successful after the case study, you'll receive constructive feedback via email and be offered a debrief call with our Talent Lead.
* Final Interview: For final-stage candidates who are not offered the role, we will provide your feedback live via a phone call.

**🚀
**Meet Lottie****
Founded in London in July 2021, Lottie is a fast growth HealthTech start-up aiming to build the world’s first SaaS enabled marketplace for care and with a goal of allowing families to seamlessly book care online in a similar manner to reserving a holiday stay via Airbnb or Expedia.
  
  
Since launching in July 2021, Lottie has supported millions of care seekers find the right care for loved ones and has raised over £25m from leading venture capital funds including Accel, General Catalyst and Kindred, as well as from well known technology entrepreneurs including Mike Hudack (ex-CPTO of Deliveroo & Monzo) and Tom Blomfield (ex-CEO of Monzo Bank). More recently, Lottie was the acclaimed winner of LinkedIn and Startup.co.uk Top Startup awards.
  
  
As of today, Lottie offers three core products and services, including:
  
  

* Lottie (B2B2C Marketplace) - Free service that helps families find the UK’s best care homes and home care services.
* Found by Lottie (B2B Vertical SaaS) - AI-native OS software supporting care providers to effectively manage their enquiries, occupancy and finances.
* Seniorcare by Lottie (B2B Vertical SaaS) - Employee benefit helping companies deliver outstanding eldercare support to their employees.

**🤩 Why Lottie?**

* Career Opportunity - A career-defining opportunity to help shape the future of our flagship marketplace and tackle complex challenges across the stack!
* Early Hire Benefits - Be an early hire at one of the UK’s fastest growing startups and benefit from fast career progression, as well as a generous stock options package.
* Mission - Tech for good that aims to build the care industry of the future and to positively impact millions of peoples lives. Care is one of the final remaining large consumer industries that is yet to be disrupted and positively revolutionised by technology.
* Investors - Series A backed startup having raised £25m+ from tier 1 venture capital investors including Accel and General Catalyst.
* Global Opportunity & Scalability - Be part of a company that is solving a real tangible problem that every family around the world faces at some point in their life.
* People - Join a kind, talented and mission driven team that loves coming to work every day.
* Culture - Excellent employee compensation/benefits, hybrid office policy and outstanding company culture with a 5/5 employee review score on Glassdoor.
* Award Winning - Acclaimed winner of LinkedIn’s 2024 “Top Startups” and named “the UK’s number one startup for 2025” in Startup.co.uk 100 Index.

*We want to create an inclusive environment that celebrates the diversity of our people whilst enabling them to do the best work of their careers. We are committed to ensuring that all our people processes are equitable. All applicants will be considered for employment without attention to ethnicity, religion, sexual orientation, gender identity, family or parental status, national origin, veteran, neurodiversity status or disability status.*
*If you require reasonable accommodations during the application or interview process, please let us know at Alice.Rooke@lottie.org*
Compensation Range: £60K - £80K","Nursing Homes and Residential Care Facilities","https://uk.linkedin.com/company/thankslottie","","","","","",""
"li-4318515054","linkedin","https://www.linkedin.com/jobs/view/4318515054","https://permutive.com/careers?ashby_jid=28f2b235-9810-40a1-8807-0bde3110fab3&utm_source=BJd5bbXJ0R&urlHash=R143","Software Engineer","Permutive","London, England, UK","2025-10-22","fulltime","","","","","","","entry level","","","[]","**Engineering At Permutive**
We’re 30+ engineers working to build an outstanding engineering culture so that everyone who joins has the opportunity and the support to do the best work of their life. Small, autonomous teams are important to us, and we want to empower everyone to make decisions confidently and take ownership of their impact.
  
  
We operate at a massive scale: our platform handles more requests each day than there are new tweets and Google searches, and each month we serve more than 2 billion user devices. We combine our patented edge-computing capabilities and low-latency cloud services to deliver real-time customer experiences.
  
  
We think applying functional programming techniques like compositionality and type-safety is the best way to build the type of massively distributed system our platform comprises, allowing us to move fast without sacrificing quality.
  
  
**About Us**
Permutive is a privacy-first, real-time data platform that enables publishers and advertisers to activate first-party audiences at scale without relying on third-party cookies. Built on a high-throughput edge infrastructure and a deep commitment to user consent, our engineering teams solve complex data problems at scale using functional programming and modern distributed systems design.
  
  
Our unique technology sits behind some of the world's largest publishers such as News Corp, Hearst, BuzzFeed, The Guardian, Conde Nast International to name a few — we enable them to understand and personalise user experiences for hundreds of millions of people every month.
  
  
Thanks to our category-defining edge technology, we've attracted the attention of global investment partners like EQT Ventures, Octopus Ventures, ACE & Company, and SoftBank Investment Advisers. Additionally, we are listed among YCombinator’s Top 150 companies of all time.
  
  
**About The Role**
Permutive is looking for a Software Engineer to join the Identity & Marketplace team to build a privacy-safe identity layer and product that facilitates data collaboration between publishers, data providers, and advertisers in a privacy-compliant manner.
  
  
You’ll be supported in taking ownership of development tasks, with opportunities to contribute across the full development lifecycle — from building new product features to testing, deploying, and monitoring systems in production. You'll work closely with more experienced engineers and learn by doing, gradually growing your confidence and scope of responsibility.
  
  
**About The Team**
The Identity & Marketplace team builds and operates privacy‑preserving identity and data exchange capabilities that power Permutive’s advertising ecosystem.⁠ We design & build the UI workflows and software systems that enable our customers to resolve disparate identifiers into a coherent identity graph, facilitate secure data collaboration across parties, and expose identity data through consistent interfaces for audience creation, analytics, and activation.⁠
  
  
⁠We also develop and operate a data marketplace that enables publishers to augment their first-party data with carefully vetted commerce and partner data, creating more valuable segments and unlocking new verticals, while ensuring compliance and governance throughout the process.⁠ ⁠
  
  
Most of our application and service code is written in Scala in a functional style and using the Typelevel stack. A functional programming approach helps us build reliable, composable, and testable systems.
  
  
Our infrastructure runs on Kubernetes in Google Cloud Platform (GCP), and we rely on Google and open‑source components such as Kafka, Bigtable, BigQuery, Dataflow, Spanner, Airflow, and Postgres.
  
  
**What you’ll need?**

* A willingness to learn functional programming and a solid understanding of general software engineering concepts. Prior FP experience is welcome but not required.
* Experience with functional programming languages (preferred) like Scala, Haskell, Clojure, Erlang or statically-typed languages like Java, Kotlin, Rust.
* An interest in platform engineering: designing and building the reliable, large-scale systems that other teams build upon.
* A strong sense of ownership and accountability.
* Good communication skills, with an ability to discuss technical concepts clearly.
* A proactive, curiosity-driven mindset for solving problems, with a keen interest in leveraging AI tools to enhance productivity.

**We'd be particularly excited if you have one or more of the below**

* Some experience or familiarity with messaging systems (e.g. Kafka or Kinesis).
* Familiarity with distributed data stores (e.g. Bigtable, DynamoDB).
* Familiarity with building and deploying microservices on Kubernetes, perhaps using tools like Terraform.
* Exposure to cloud platforms such as AWS or GCP.
* An interest in stream processing frameworks (e.g. Spark, Beam, or Flink) or modern data warehouse architectures (e.g. Snowflake, Databricks).

**What We’re Offering**
We take a structured, objective approach to salary-setting, which is based on market information, our compensation strategy, and your experience and capability as assessed through our interview process. For a typical candidate who meets our requirements, we would pay between £70,000 - £80,000 + options.
  
  
**Permutive Benefits**

* In this together: As a full-time employee, you'll become a shareholder with stock options, sharing in our collective success.
* Family Comes First: Primary caregivers receive up to 6 months of fully paid leave and secondary caregivers receive 3 months of fully paid leave to bond with their little ones.
* Your Time, Your Way: Flexible hours let you fit work around your life, whether it's hitting the gym, meditating, or handling family needs.
* Upgraded Workspace: A £350 budget helps you create the perfect home office setup.
* Recharge & Refocus: Unlimited paid time off (with a minimum of 25 days + public holidays) ensures you get the rest you need.
* Grow with Us: Ongoing training and development opportunities fuel your career aspirations.
* Mental Health Matters: We prioritise your well-being with free access to Spill, our mental health partner.
* Comprehensive Care: Enjoy virtual GP visits, healthcare services, work-life consultations.
* Secure your future: Our pension plan with Penfold helps you secure your financial future (employer contributes 3%, employee contributes 5%).
* A company-paid Cursor Pro subscription for all engineers.

**Work Your Way**
Permutive trusts you to manage your time and deliver results. Our hybrid model allows you to choose where you work best, whether in your own productive space or our London (Farringdon) or New York (Union Square) offices. That said, none of us work alone; we are part of a team.
  
  
To foster collaboration and connection, teams in these locations come together in person at least once a week and are encouraged to benefit from being in our offices to meet with teams more often. Commercial and customer-facing teams are encouraged to embrace in-person interactions to build lasting relationships with clients and colleagues.
  
  
Every Permutive employee gets together in person at the company’s Annual Kick Off for a week in February. Each year’s event promises to be an exciting opportunity for us to come together, reconnect with colleagues, and align on our shared vision for the year ahead.
  
  
**Diversity, Equity & Inclusion**
At Permutive, we’re taking a thoughtful, intersectional, long-term approach to diversity, equity & inclusion. We care deeply about creating an inclusive work environment that allows everyone to flourish, and we are taking continual action to progress in that direction.
  
  
We’re committed to hiring people regardless of race, religion, colour, national origin, sex (including pregnancy, childbirth, and related medical conditions), sexual orientation, gender identity, age, neurodiversity status, disability status, or otherwise.","Software Development","https://uk.linkedin.com/company/permutive","","","","","",""
"li-4321719027","linkedin","https://www.linkedin.com/jobs/view/4321719027","https://careers.launchmetrics.com/jobs/6480955-full-stack-software-development-engineer-php-react&urlHash=OVM3","Full Stack Software Development Engineer PHP/React","Launchmetrics","London, England, UK","2025-10-16","other","","","","","","","not applicable","","","[]","*This role welcomes full remote or hybrid work arrangements. However,
**applicants must be based in Spain, Italy, France or Romania and have a work permit to be considered.***

**The Tech & Engineering team:**

We are a team of passionate engineers distributed across the world, always eager to learn new things. We are building state-of-the-art modern applications and scale it on the cloud. We innovate to solve customers problems, focusing on high-performance implementations without neglecting the user experience.

**The role:**

You'll be responsible for developing, and deploying new features and frameworks, focusing on high-performance implementations without neglecting the user experience on our
*Samples*
software.
*Samples*
is an operational tool helping fashion and luxury brands manage their collection launches. It helps them manage and track their physical assets in order to optimize opportunities and reduce losses.

You’ll work in PHP on the server side and the framework Laravel, Typescript/Javascript, React or Vue on the client side, and a number of other languages, frameworks, and tools in between. You will be responsible for writing clean, reusable and efficient code. You will work closely with other developers, Product Designer, QA Engineers and Product Managers in a collaborative and energetic environment. And we like to say that being a Full Stack Developer at Launchmetrics is all about end-to-end ownership.

**Responsibilities:**

* Build and maintain back-end systems using the latest versions of PHP, MySQL, and the Laravel framework, and front-end components and features using React, Vue.js, and implement efficient bundling/building processes using esbuild or equivalent tools.
* Collaborate with the design and product teams to deliver user-friendly interfaces and ensure seamless user experiences.
* Design, develop, and maintain APIs to support front-end functionalities and ensure high performance and responsiveness.
* Perform code reviews, write clean, maintainable, and efficient code, and actively participate in problem-solving and architectural decisions with the rest of the team.
* Write and maintain unit tests for both front-end and back-end code to ensure code quality, reliability, and maintainability.
* Advocate for and implement best practices in front-end development, including code structure, performance optimizations, and emerging technologies.
* Monitor and maintain the tech stack and dependencies using npm & composer, ensuring their stability, security, and efficiency.
* Keep documentation up to date, ensuring clear and comprehensive information for the codebase, APIs, and system architecture.

**Technical Stack:**

* Languages: PHP 8+, TypeScript, Javascript
* Frameworks: Laravel, React, Vue, Doctrine
* Database: Mysql 8+
* Cloud providers: Amazon, Azure
* Tools: Github, Jira, Figma, ESLint, ESBuild, webpack, npm, composer, storybook
* Versioning tool: Github
* CI/CD: Github actions, Docker, Jenkins
* Testing: PHPUnit, Jest

**Your Profile**

* Engineer Degree / Master Degree in Computer Science
* A minimum of 3 years of relevant work experience in full-stack developments in a SaaS environment with Agile methodologies
* Proficiency in back-end development using PHP and MySQL 8, working with the Laravel framework as well as the capability to interpret and understand logical sequences within procedural or object-oriented code, whether abstracted or static, and to comprehend it thoroughly.
* Experience in optimizing and building projects using modern bundling tools such as esbuild, webpack, or similar.
* Ability to write clean, efficient, secure and scalable code while following industry best practices.
* Experienced with RESTful API design and integration practices to facilitate communication between front-end and back-end systems.
* Bright, energetic, highly motivated self-starter with experience in a fast-paced, results-oriented organization
* You care about the long-term maintainability of the codebase and advocate for refactoring and clean-ups when appropriate
* Last, but definitely not least: you speak, read, and write English fluently

**Extra-Credit:**

* Hands-on experience in setting up and maintaining Continuous Integration / Continuous Deployment (CI/CD) pipelines.
* Familiarity with Amazon and/or Azure Web Services
* Experience with Design System

**O**
**ur Recruitment Process:**

Step 1: Intro Call, with Juliette, Senior People Partner

Step 2: Skills Assessment, with 2 team members. Our Skills Assessment is a live interview

Step 3: Meet & Greet, with our VP Software Development

Step 4: Meet the team, with the squad you’ll work with

**About Launchmetrics**

Launchmetrics provides the First AI-powered Brand Performance Cloud for Fashion, Luxury and Beauty (FLB) companies to make smarter decisions around their brand marketing efforts.
  
  
Our suite of SaaS products leverage AI and data to help our customers plan, execute and measure brand marketing initiatives. With over a decade of industry expertise, we have helped more than 1,200 customers create inspiring, impactful and measurable experiences.

**Why you’ll love Launchmetrics:**

We're a company that prioritizes people, fostering a relaxed yet dynamic atmosphere. Our international team is filled with enthusiastic, motivated individuals who enjoy their work. Autonomy empowers our team members, allowing them to make a substantial difference in our business, for our customers, and within our organization. When you become part of our team, you'll have access to growth and advancement possibilities, including a learning and development allowance, a benefits package tailored to each location, and flexible work arrangements, along with support for establishing your home office and other perks.

**Our Commitment:**

*Launchmetrics is proud to be an Equal Opportunity Employer building a diverse and inclusive workforce. If there is anything extra we can do to help you feel at ease during your interview process, please let the PeopleOps team member you’ll be meeting with know.*","IT Services and IT Consulting","https://www.linkedin.com/company/launchmetrics","","","","","",""
"li-4315301725","linkedin","https://www.linkedin.com/jobs/view/4315301725","https://jobs.lever.co/CordTechnologies/8c1f2a94-c28a-4ecd-8051-eb6f8fdb5fcb/apply&urlHash=VzpO","Associate Software Engineer - (Graduate)","Encord","London, England, UK","2025-10-15","fulltime","","","","","","","internship","","","[]","**About Encord**
At Encord, we're building the AI infrastructure of the future. One of the biggest challenges AI companies face today is data quality. The success of any AI application relies heavily on the quality of its training data, yet for most teams, this crucial step is both the most costly and time-consuming. We’re here to change that.
  
  
As former computer scientists, physicists, and quants, we’ve experienced firsthand how a lack of tools to prepare quality training data impedes progress in building AI. We believe AI is at a stage similar to the early days of computing or the internet—where the potential is clear, but the surrounding tools and processes are still catching up. That's why we started Encord.
  
  
We are a talented and ambitious team of 100+, working at the cutting edge of computer vision and deep learning. Backed by $30M in Series B funding from top investors like CRV and Y Combinator, we’re one of the fastest-growing companies in our space. We have big plans ahead and are looking to expand our Engineering team to help us in building a better product for our customers.
  
  
**This is a full-time role starting in June or September 2026 depending on graduation dates.**
Who we are looking for
  
  
We’re looking for curious, ambitious graduates who are excited to launch their software engineering careers and make an impact from day one. You’ll join us around June/September 2026 as part of a small, highly collaborative team that’s building the next generation of AI infrastructure.
  
  
At Encord, you’ll work alongside serial founders, ex-computer scientists, physicists, and quants who care deeply about building great products and shipping fast. We’re looking for graduate full-stack engineers, whether you’re more front-end or back-end leaning, who are passionate about solving real customer problems and thrive in autonomous squads of 4–5 people.
  
  
Encord is growing rapidly, with our product as the key driver of that growth. A year ago, we were a team of 50; now, we’re over 100 and continuing to accelerate. Joining us now means stepping in at a crucial stage of expansion for the company, product, and team. Your contributions here will have a real, visible impact.
  
  
If you’re finishing university and looking for your first full-time engineering role where you can learn fast, build meaningful products, and grow alongside an exceptional team, Encord could be the perfect place for you.
  
  
What to expect
  
  
***High performing team:***
You'll join the small team that has built a product that our customers love and consistently rate as the best in the market. Members of the team are veterans of both Big Tech and successful startups. While the team is more than a sum of its parts, every member on the team is impressive on their own.
  
  
***Impact:***
Your work will have direct and tangible impact for customers and in turn noticeably affect the trajectory of the company.
  
  
***End-to-end ownership:***
You will be entrusted with end-to-end ownership of your projects. From product, design and architectural decisions, all the way to deployment, monitoring and measuring impact on users. You will have the opportunity to work across the stack, covering everything from deployment to styling. We expect each other to take initiative, be proactive in problem-solving, and continuously seek improvements.
  
  
***Autonomy and collaboration:***
You will often work autonomously to take charge of your projects, make decisions, and drive your work forward. But as a lean and high trust team, we remain quick to collaborate and support each other with challenging problems together. You will work alongside amazing team-mates who will help you learn and upskill quickly.
  
  
***Scale and simplicity:***
You will tackle complex domains and immense scale with simple solutions. You'll leverage your expertise to solve challenging problems in simple ways.
  
  
**About You**
***Eager to learn and grow:***
You’ve built small projects, coursework assignments, or personal apps, and are excited to apply what you’ve learned to real-world systems. You’re curious about how reliable, high-performance software is built and are keen to learn from experienced engineers.
  
  
***Motivated by impact***
**:**
You want your work to make a meaningful difference. You’re excited by the idea of contributing to products that real people use and that deliver tangible results.
  
  
***A natural builder:***
You enjoy creating things from the ground up, whether that’s writing code, designing systems, or experimenting with new technologies. You’re comfortable exploring across the stack and love solving problems
  
  
***Comfortable with ambiguity***
**:**
You don’t need every detail defined before you start. You enjoy figuring things out, learning as you go, and using feedback to guide your work.
  
  
***Collaborative and supportive:***
You value teamwork, communication, and helping others succeed. You take feedback well, share ideas openly, and contribute to a positive, high-performing team culture.
  
  
**Qualifications**

* Currently pursuing or holding a Bachelor’s or Master’s degree in Computer Science, Physics, Engineering, Mathematics, or a related technical field, or have gained equivalent expertise through coding bootcamps or relevant work experience.
* Proficient in one or more programming languages such as Python, Go, C#, C++, Java, Ruby on Rails, or JavaScript.

Tech stack
  
  
We are technology agnostic at Encord. We are not looking for you to have experience in all these technologies. As long as you're open to learning, please apply.
  
  
We currently use Python and Typescript across our codebase. Prior experience is appreciated but not required.Below is a detailed breakdown of all the technologies we use.
  
  

* Backend: Python
* Frontend: Typescript and React
* Kubernetes for deployment
* GCP for underlying infrastructure

We encourage people from all backgrounds, cultures and skill levels to apply. It is okay to not meet all requirements listed as we are looking for individuals who are passionate, eager to learn.
  
  
What We Offer
  
  

* Competitive salary, commission and equity in a hyper growth business.
* Strong in-person culture: most of our team is in the office 3+ days a week.
* Room to grow into anything you choose to — a year ago we were 50 people, now we're 100+.

We'll be growing insanely fast over the next 24 months and you'll have all the opportunities for growth as you can handle.- 25 days annual leave a year + public holidays.
  
  
Encord offers a unique opportunity to be part of a startup with a clear mission and vision. You will get to explore and build services enterprise AI use cases across many different industry verticals such as healthcare, surveillance, retail, agriculture and many more.
  
  
Our work is at the cutting edge of computer vision and deep learning, which also includes working on solving unsolved problems within those fields.","Software Development","https://www.linkedin.com/company/encord-team","","","","","",""
"li-4304555255","linkedin","https://www.linkedin.com/jobs/view/4304555255","https://targetjobs.co.uk/jobs/graduate-software-engineer-191600&urlHash=B4l3","Graduate Software Engineer","targetjobs UK","New Malden, England, UK","2025-09-24","fulltime","","","","","","","internship","","","[]","**Locations**
: Cowes, New Malden
  
  
**Salary**
: Our starting salary is £34,000, plus a £2,000 welcome payment along with an optional 20% salary advance. Plus a flexible package of benefits to suit your lifestyle.
  
  
What you’ll be doing
  
  
Create cutting edge software for our hardware and be involved in the entire lifecycle of a product, from design and development to integration. Work closely with both Electronic and Systems engineers, you'll enable the development of complex real-world systems that have to perform perfectly every time, as the consequences of failure could be catastrophic.
  
  
What is the application process?
  
  
The stages of our application process include: a short online application. If you’re successful, you will then complete an online assessment with interactive activities, and an on-demand video interview. The next stage is competency-based interview, either virtual or face-to-face.
  
  
Why a BAE Systems programme?
  
  
We offer a non-rotational programme that gives you the choice of where you want to specialise - you’ll to deep-dive into your chosen field and develop your expertise, from day one. You’ll also have the opportunity to pace your own development over 18-30 months, to suit your lifestyle.","Technology, Information and Internet","https://uk.linkedin.com/company/targetjobsuk","","","","","",""
"li-4304060389","linkedin","https://www.linkedin.com/jobs/view/4304060389","","Software Developer","Home Made","London, England, UK","2025-09-23","fulltime","","","","","","","entry level","","","joinus@home-made.com","**About The Role**
We are seeking our first Software Developer to join our product team!
  
  
At Home Made we are building a better way to rent. A leading provider for Build to Rent developments across the UK. A focus on utilising technology to make renting better, safer and fairer for all.
  
  
Your goal is to help upgrade and ultimately bring the rental experience for both landlords and renters into the 21st century. You'll play a pivotal role in maintaining our existing systems whilst also building and scaling. To succeed with our ambitious goals, we need excellent technical people who are excited by a challenge, and who aren’t afraid to get stuck into things, in and out of their comfort zone.
  
  
**Salary:**
Depending on experience
  
  
**Work Location:**
Southwark, London - we offer hybrid working for this role
  
  
**What you’ll be responsible for:**
**Development & Enhancement**

* Build new features and functionality for web applications
* Develop and maintain RESTful APIs and backend services
* Create responsive, user-friendly frontend interfaces
* Collaborate with team members on system architecture decisions
* Write clean, maintainable, and well-documented code

**System Maintenance & Support**

* Maintain and optimise existing web applications and backend services
* Troubleshoot and resolve technical issues across the full stack
* Monitor system performance and implement improvements
* Participate in code reviews and maintain coding standards

**Infrastructure & Operations**

* Assist with basic DevOps tasks and deployment processes
* Support AWS infrastructure management and optimization
* Contribute to CI/CD pipeline improvements
* Help with server monitoring and maintenance

**Experience you'll already have:**
**Frontend Development**

* Frontend frameworks (React, Vue, or Angular)
* Excellent knowledge of Javascript and related FE technologies (React, Typescript, Webpack etc)
* HTML5, CSS3, and responsive design principles
* Understanding of modern build tools and workflows

**Backend Development**

* Solid experience with Node.js and server-side JavaScript
* Knowledge of RESTful API design and development
* Experience with databases (SQL and NoSQL)
* Understanding of authentication and security best practices

**General**

* 2-3 years of experience as a Software Engineer
* Version control with Git
* Experience with testing frameworks and methodologies
* Understanding of agile development practices
* Problem Solver: Strong problem-solving and debugging skills
* Team Player: Collaborative mindset with strong communication skills
* Growth Mindset: Eagerness to learn new technologies and improve existing systems
* Quality Focused: Commitment to writing maintainable, scalable code
* Adaptable: Comfortable working on both legacy systems and new development

**Benefits:**

* Annual Leave: 24 days leave + your birthday off!
* Modern, state of the art offices
* Employee Perks: discounts for stores, cinema etc
* Yearly Half Day Charity Day
* Office Social Events (Summer and Winter Parties)
* Our Culture Club run important initiatives and celebrations throughout the year for everyone to get involved in such as: St. Patricks Day, Diwali, Movember etc.
* Mental Health First Aiders
* On site Gym access, showers (towels & shower gel), and indoor bike storage
* Weekly Friday 5pm Happy Hour in the office
* Opportunities to upskill in your career through our Learning and Development Programme

***We are an equal opportunity employer***
*Diversity and inclusion is important to us at Home Made and we encourage a culture where everyone can be themselves at work. We value and actively seek out a richly diverse range of talent and our policies ensure that every job application and employee is treated fairly, with equal opportunity to succeed. All applicants will be considered for employment without regard to any characteristic protected by law.*
*Home Made is an equal opportunity employer and will offer reasonable adjustments to applicants in our recruitment process. If you require any accommodations or adjustments as a result of disability, impairment, or health condition, please do not hesitate to contact us at joinus@home-made.com.*","Real Estate","https://uk.linkedin.com/company/home-made.","","","","","",""
"li-4304264661","linkedin","https://www.linkedin.com/jobs/view/4304264661","","Full Stack Engineer","watchTowr","London, England, UK","2025-09-23","other","","","","","","","not applicable","","","[]","**Hello, let us introduce ourselves!**

watchTowr is the Preemptive Exposure Management capability trusted by Fortune 500 companies and critical infrastructure providers.

By combining proactive threat intelligence, real attacker telemetry, and automated red teaming, watchTowr continuously identifies and validates real exposure - so security teams can outrun real-world threats.

When exploitation happens in hours, watchTowr delivers what no one else can: time to respond.

We are a global team of operators, researchers, and engineers who have spent years thinking like attackers - and we are now building the technology to stop them. Our work is recognised across the industry, with original vulnerability research from watchTowr Labs and innovations like Instinct and Attacker Eye shaping the future of cybersecurity.

Backed by $29M in funding, recognised by Gartner, and scaling fast across the globe, we are in a high-growth phase of our journey. We are a young, high-energy, and research-driven team, obsessed with building world-class technology - and we want exceptional people to join us.

**But what’s the role?**

We are looking for an ambitious Full Stack Engineer to join us and our Client Facing Applications (CFA) team, in our mission of helping organisations understand how they could be hacked - in real-time.

**Sounds great – what will I do?**

As a
**Full Stack Engineer**
on the CFA team, you will:

* Build and maintain features across both backend and frontend systems.
* Translate product and design requirements into scalable, high-quality code.
* Collaborate with product managers, designers, and other engineers to deliver seamless experiences.
* Solve complex technical challenges around scalability, performance, and developer efficiency.
* Contribute to improving engineering standards, tooling, and processes.

**Sounds perfect to me, what specifics are you looking for?**

**I**
**deal Experience**

Ideally, you should have 3+ years of experience:

* Building enterprise SaaS products across the full stack in the
  **cybersecurity domain**
  (ideally Threat Intelligence and/or Offensive Security-type solutions)
* Developing backend services with
  **TypeScript**
  and
  **NestJS**
  , including REST APIs, GraphQL, and ORM frameworks (e.g., Sequelize).
* Designing and implementing complex
  **dashboards**
  and
  **data-driven UIs**
  with React and Chakra UI.
* Working with relational (MySQL) and NoSQL databases.
* Strong debugging, troubleshooting, and performance optimisation skills.
* Proficiency in:
  + Backend: Typescript, NestJS, Sequelize ORM, GraphQL, REST APIs, MySQL, NoSQL databases, Kafka
  + Frontend: ReactJS, NextJS, Typescript, Chakra UI, React Queries, GraphQL integration
  + Other: Figma (understand complex design and business logic requirements)
* Exposure to startups or high-growth scale-ups, with comfort navigating ambiguity and fast-changing priorities.
* Proven ability to thrive under pressure and adapt to shifting priorities.
* Proactive, collaborative, and ownership-driven mindset.
* Passion for continuous improvement and innovation.
* Ability to learn quickly and apply new concepts effectively.

**Bonus Experience**

It’ll also be awesome if you:

* Have experience with AWS and Kubernetes.
* Have familiarity with workflow engines such as Xstate and Argo Workflows.
* Possess knowledge of computer infrastructure and networking.

**What’s in it for me?**

* **Competitive compensation -**
  we believe that hard work, skills and ambition should be fairly compensated.
* **Meaningful role in a company**
  - You will be a key and early contributor to a fast-growing cybersecurity business that helps protect some of the world's largest enterprises.
* **The best tools and powerful kit -**
  we enable you with the tools to effectively fulfil your role.
* **Endless opportunities –**
  we are in a high-growth phase of our journey, and plan to promote from within as we scale.
* **Work with cyber security experts**
  – we are solving cutting-edge industry-wide cyber security challenges with some of the world’s most advanced organisations.

**watchTowr is proud to be an Equal Opportunity Employer**

At watchTowr, we’re dedicated to fostering an inclusive, respectful, and diverse environment where every individual is recognised for their talent and potential. Our hiring decisions are guided by your capabilities, experience, and what you bring to the role - not by unrelated personal attributes.

We have a zero-tolerance approach to any form of discrimination or harassment. This includes - but isn’t limited to - discrimination based on race, ethnicity, religion, colour, nationality, sex, sexual orientation, gender identity or expression, age, disability, pregnancy or parental status, veteran status, or any other characteristic protected by law.

We actively encourage people from all backgrounds to apply. Even if you don’t tick every box in the job description, we’d still love to hear from you.","Computer and Network Security","https://sg.linkedin.com/company/watchtowr","","","","","",""
"li-4299338933","linkedin","https://www.linkedin.com/jobs/view/4299338933","https://targetjobs.co.uk/jobs/software-engineering-internship-190410&urlHash=4u8r","Software Engineering Internship","targetjobs UK","London, England, UK","2025-09-12","internship","","","","","","","internship","","","[]","Do you want to tackle the biggest questions in finance with near infinite compute power at your fingertips?
  
  
G-Research is a leading quantitative research and technology firm, with offices in London and Dallas.
  
  
We are proud to employ some of the best people in their field and to nurture their talent in a progressive, adaptable and highly stimulating culture where world-beating ideas are cultivated and rewarded.
  
  
This role is based in our new Soho Place office – opened in 2023 – in the heart of Central London and home to our Research Lab.
  
  
The role
  
  

* Dates: 30 March 2026 – 18 September 2026 or 29 June 2026 – 18 September 2026
* Working hours: 09:00–17:30
* Location: Central London

We are looking for exceptional students to join us for a 12-week or 24-week summer internship within our world-class technology teams.
  
  
These functions are central to our engineering efforts. As an intern you’ll work across a range of platforms that support our quantitative research. You’ll contribute to the development, enhancement and modernisation of the systems that underpin our business, gaining valuable experience with both legacy and cutting-edge technologies.
  
  
This is a hands-on engineering role where you’ll write production-level code, collaborate with experienced software engineers and contribute to high-impact projects from day one.
  
  
**Key Responsibilities Of The Role Include**

* Designing and delivering high-quality, maintainable code to work with large and complex datasets
* Supporting and evolving production trading platforms and research tools
* Partnering with quantitative researchers to understand and improve data quality and value
* Developing and optimising database queries and the underlying infrastructure
* Enhancing internal tools and data processing pipelines used at scale

As part of your internship, you’ll receive a structured onboarding experience and be paired with a dedicated mentor. Your mentor will be an experienced engineer who will guide your learning and development.
  
  
In addition to on-the-job training, you’ll gain access to internal technical and professional development courses, alongside opportunities to increase your financial domain knowledge.
  
  
Who are we looking for?
  
  
We’re seeking sharp, curious and pragmatic software engineers who are eager to work at the intersection of finance and technology.
  
  
**You Should Be**

* Studying towards a 2:1 or above in Computer Science or a closely related discipline
* Graduating in 2027 (penultimate-year students only)
* Experienced in at least one object-oriented programming language, such as C#, Java or C++
* Comfortable with core computer science concepts, such as algorithms, data structures and systems architecture
* Interested in how engineering supports quantitative research and trading at scale

**We Value People Who**

* Approach problems with a structured, analytical mindset and a clear sense of judgement
* Are proactive in seeking improvement, whether in code, systems or ways of working
* Communicate clearly and effectively across technical and non-technical teams
* Thrive in a collaborative environment and are willing to share ideas, feedback and knowledge

Why should you apply?
  
  
This internship offers a unique opportunity to build software that directly supports world-leading quantitative research. You’ll be part of a high-performance engineering culture that values curiosity, rigour and practical impact.
  
  

* Highly competitive compensation
* 30 days’ holiday pro rata
* 9% company pension contribution
* Opt-in private health insurance
* Informal dress code and excellent work/life balance
* Monthly company events
* Centrally located office (close to five stations and six tube lines)

Interview process
  
  

* Online technical assessments
* Assessment centre
* Final interview

*Please note: due to the structure of our graduate hiring process, we can only consider candidates who expect to graduate in*
***2027***
*.*","Technology, Information and Internet","https://uk.linkedin.com/company/targetjobsuk","","","","","",""
"li-4296369615","linkedin","https://www.linkedin.com/jobs/view/4296369615","https://grnh.se/qmyev0041us&urlHash=t5vT","Software Engineer, Backend","DoorDash","London, England, UK","2025-09-06","fulltime","","","","","","","mid-senior level","","","[]","**About the Team**
SevenRooms is a hospitality technology platform that powers restaurant operations and marketing, and was recently acquired by DoorDash! The SevenRooms product enables operators to automatically drive revenue & profitability by leveraging data to build direct relationships, deliver exceptional experiences, and increase repeat business. The SevenRooms ""In-Store"" Technology organization at DoorDash is committed to building products that help restaurants create magical experiences every day. We are a small, but rapidly growing team of 70+ engineers, scientists and builders who are on a mission to fundamentally transform the hospitality industry. Our tech stack includes Python, Typescript, ReactJS, Redux, Django, App Engine, Cloud Firestore, Memcache, Cloud Tasks, Firebase, BigQuery, Elasticsearch, and more.
  
  
**About the Role**
We're looking for a strong Backend-focused Software Engineer who is excited to engineer highly performant, mission-critical systems that are designed for agile development and rapid scaling. You will partner with other engineers, product managers and designers who are dedicated to engineering real solutions that empower our In-Store team for growth. You will be joining an organization of engineering professionals working to fundamentally transform the hospitality industry through innovative technology solutions.
  
  
**You're excited about this opportunity because you will…**

* **Design, develop, test, deploy, maintain and improve software.**
  Focus strongly on customer-facing features that create magical experiences for restaurant partners.
* **Be the technical owner of features from design to implementation.**
  Take ownership of ongoing support and ensure high-quality delivery throughout the development lifecycle.
* **Manage individual project priorities, deadlines, code quality and deliverables.**
  Participate in occasional on-call duties to keep software systems up and running smoothly.
* **Partner with cross-functional teams including engineers, product managers and designers.**
  Collaborate to engineer real solutions that drive growth and innovation in the hospitality industry.
* **Work with cutting-edge technology stack.**
  Utilize tools like Python, Django, and modern cloud infrastructure to build scalable solutions.

**We're excited about you because…**

* You have a BS degree in Computer Science, similar technical field of study or equivalent professional experience with 3+ years of software engineering experience
* You have experience developing web applications with strong knowledge of algorithms, data structures, complexity analysis and software design
* You have experience with Python (preferred), or another modern backend technology, and are excited to work with our modern technology stack
* You are passionate about building customer-facing features and take ownership of technical solutions from conception to deployment
* You thrive in collaborative environments and are excited to work with cross-functional teams to solve complex problems in the hospitality industry

Notice to Applicants for Jobs Located in NYC or Remote Jobs Associated With Office in NYC Only
  
  
We use Covey as part of our hiring and/or promotional process for jobs in NYC and certain features may qualify it as an AEDT in NYC. As part of the hiring and/or promotion process, we provide Covey with job requirements and candidate submitted applications. We began using Covey Scout for Inbound from August 21, 2023, through December 21, 2023, and resumed using Covey Scout for Inbound again on June 29, 2024.
  
  
The Covey tool has been reviewed by an independent auditor. Results of the audit may be viewed here: Covey
  
  
**About SevenRooms**
In 2011, Joel Montaniel, Allison Page, and Kinesh Patel founded SevenRooms after noticing that hospitality operators were missing a critical ingredient in the systems they were using to run their business: guest data. What began as a mission to help restaurants better understand and serve their guests evolved into a powerful platform used by merchants around the world.
  
  
With best-in-class tools for marketing, operations, and guest experience — all deeply integrated with its industry-leading CRM — SevenRooms empowers operators to drive revenue, streamline operations, and deliver experiences that keep guests coming back.
  
  
In 2025, DoorDash acquired SevenRooms to strengthen its in-store strategy and expand its merchant-first offerings. The combination brings together DoorDash's scale, reach, and digital innovation with SevenRooms' in-store capabilities to support hospitality businesses across every channel — from discovery and delivery to on-premise dining.
  
  
As DoorDash builds out its in-store capabilities, SevenRooms plays a central role in enabling merchants to grow their businesses and connect more meaningfully with guests, whether they're ordering online or dining in. This move reflects DoorDash's broader commitment to empowering local businesses, fostering stronger connections between consumers and the places they love, and building technology that meets merchants — and their customers — wherever they are.","Technology, Information and Internet","https://www.linkedin.com/company/doordash","","","","","",""
"li-4296361945","linkedin","https://www.linkedin.com/jobs/view/4296361945","","Software Engineer, Frontend","DoorDash","London, England, UK","2025-09-06","fulltime","","","","","","","mid-senior level","","","[]","**About the Team**
SevenRooms is a hospitality technology platform that powers restaurant operations and marketing, and was recently acquired by DoorDash! The SevenRooms product enables operators to automatically drive revenue & profitability by leveraging data to build direct relationships, deliver exceptional experiences, and increase repeat business. The SevenRooms ""In-Store"" Technology organization at DoorDash is committed to building products that help restaurants create magical experiences every day. We are a small, but rapidly growing team of 70+ engineers, scientists and builders who are on a mission to fundamentally transform the hospitality industry. Our tech stack includes Python, Typescript, ReactJS, Redux, Django, App Engine, Cloud Firestore, Memcache, Cloud Tasks, Firebase, BigQuery, Elasticsearch, and more.
  
  
**About the Role**
We're looking for a strong Frontend-focused Software Engineer who is excited to engineer highly performant, mission-critical systems that are designed for agile development and rapid scaling. You will partner with other engineers, product managers and designers who are dedicated to engineering real solutions that empower our In-Store team for growth. You will be joining an organization of engineering professionals working to fundamentally transform the hospitality industry through innovative technology solutions.
  
  
**You're excited about this opportunity because you will…**

* **Design, develop, test, deploy, maintain and improve software.**
  Focus strongly on customer-facing features that create magical experiences for restaurant partners.
* **Be the technical owner of features from design to implementation.**
  Take ownership of ongoing support and ensure high-quality delivery throughout the development lifecycle.
* **Manage individual project priorities, deadlines, code quality and deliverables.**
  Participate in occasional on-call duties to keep software systems up and running smoothly.
* **Partner with cross-functional teams including engineers, product managers and designers.**
  Collaborate to engineer real solutions that drive growth and innovation in the hospitality industry.
* **Work with cutting-edge technology stack.**
  Utilize tools like Typescript, ReactJS, Redux (Python a bonus!), and modern cloud infrastructure to build scalable solutions.

**We're excited about you because…**

* You have a BS degree in Computer Science, similar technical field of study or equivalent professional experience with 3+ years of software engineering experience
* You have experience developing web applications with strong front end architectural vision and judgement
* You have experience with Typescript, Javascript, ReactJS, React Hooks, React Redux, and are excited to work with our modern technology stack
* You are passionate about building customer-facing features and take ownership of technical solutions from conception to deployment
* You thrive in collaborative environments and are excited to work with cross-functional teams to solve complex problems in the hospitality industry

Notice to Applicants for Jobs Located in NYC or Remote Jobs Associated With Office in NYC Only
  
  
We use Covey as part of our hiring and/or promotional process for jobs in NYC and certain features may qualify it as an AEDT in NYC. As part of the hiring and/or promotion process, we provide Covey with job requirements and candidate submitted applications. We began using Covey Scout for Inbound from August 21, 2023, through December 21, 2023, and resumed using Covey Scout for Inbound again on June 29, 2024.
  
  
The Covey tool has been reviewed by an independent auditor. Results of the audit may be viewed here: Covey
  
  
**About SevenRooms**
In 2011, Joel Montaniel, Allison Page, and Kinesh Patel founded SevenRooms after noticing that hospitality operators were missing a critical ingredient in the systems they were using to run their business: guest data. What began as a mission to help restaurants better understand and serve their guests evolved into a powerful platform used by merchants around the world.
  
  
With best-in-class tools for marketing, operations, and guest experience — all deeply integrated with its industry-leading CRM — SevenRooms empowers operators to drive revenue, streamline operations, and deliver experiences that keep guests coming back.
  
  
In 2025, DoorDash acquired SevenRooms to strengthen its in-store strategy and expand its merchant-first offerings. The combination brings together DoorDash's scale, reach, and digital innovation with SevenRooms' in-store capabilities to support hospitality businesses across every channel — from discovery and delivery to on-premise dining.
  
  
As DoorDash builds out its in-store capabilities, SevenRooms plays a central role in enabling merchants to grow their businesses and connect more meaningfully with guests, whether they're ordering online or dining in. This move reflects DoorDash's broader commitment to empowering local businesses, fostering stronger connections between consumers and the places they love, and building technology that meets merchants — and their customers — wherever they are.","Technology, Information and Internet","https://www.linkedin.com/company/doordash","","","","","",""
"li-4284410350","linkedin","https://www.linkedin.com/jobs/view/4284410350","","Software Engineer","Insignis","London, England, UK","2025-08-13","fulltime","","","","","","","mid-senior level","","","[]","We are a fast-growing, FinTech company looking for a talented and enthusiastic Senior Software Engineer to join our team. We are expanding, making this a perfect position if you would like to have a significant impact on our company's growth and develop your role and career as the business evolves. You will join a team where your ideas will be welcomed and valued, and who believe in doing high quality engineering.
  
  
We are about to undertake a large project to rebuild our entire platform, so this is exciting time to join to have real impact on the tech for years to come. We are looking for someone to take responsibility for designing and building large parts of our platform.
  
  
The role involves all aspects of the development lifecycle from design, implementation, and deployment. You need to be flexible and innovative and be able to handle large scale engineering challenges.
  
  
**Role Responsibilities**

* As a Senior Engineer, you will be responsible for enhancing and rebuilding the core onboarding platform, using your extensive experience of designing and engineering modern software applications following a microservices architecture
* Champion code quality and thoughtful software design; it's essential to have a deep commitment to the quality of the code and software produced by you and the team
* You will work with all stakeholders to analyse requirements to guide software architecture
* Implement continuous integration and delivery to limit manual testing and troubleshooting
* Ensure the DevOps concepts are used to deliver resilient, scalable and secure software
* To produce accurate technical and non-technical documentation
* You will coach and mentor more junior members of the team and work to build stronger coding and architectural disciplines in the team

**Our Tech Stack**
We are in a process of evolving our tech stack, so this is not a definitive list, but a rough outline if what we currently have and what we want to adopt more.
  
  

* Our services are written in C#, live in GitHub, and deployed to Azure
* We use Kubernetes and Helm charts for deployment with Terraform
* Our frontend is built using a combination of Blazor for legacy applications, and Vue.js with TypeScript for new applications
* We use Azure SQL for our relational data
* Our architecture is - where appropriate - event-driven with Kafka
* We perform integration testing with Cypress and Playwright
* We monitor our systems using AppInsights, Grafana, and Zenduty
* We ensure code quality with static code analysis using SonarCloud

**Requirements**
We recognise that it's unlikely for anyone to possess every skill listed here. What's important is having as many as possible and a strong desire to learn the rest.
  
  

* Strong knowledge of C#, including object-oriented programming and SOLID design principles
* Experience in VueJS with Typescript or similar frontend technology like React
* MS SQL, T-SQL
* Experience designing event driven architecture with services such as Kafka
* Experience with Azure Cloud Services, Kubernetes, and designing and developing continuous integration build, test and deployment environments using modern cloud-based tools and techniques
* Experience with test-driven development
* Experience working in Agile or Scrum teams, with an understanding of sprint planning, story points, and iterative development
* Ability to take a pragmatic approach to coding and system design. Be able to choose solutions that balance quality and simplicity over perfectionism
* Must be confident, self-motivated and able to methodically solve problems
* Be used to working in a challenging and demanding environment where priorities can change at short notice
* Possess very good verbal and written communication skills

**Benefits**

* 25 days holiday (exc. Bank holidays)
* 5% Pension contributions
* Private medical insurance with Vitality
* Health cash Plan offering contributions to dental, optical and much more
* Enhanced Parental Leave
* Cycle to Work Scheme
* Monthly team lunches, quarterly company socials

**Working Pattern**
We recognise the value of in person collaboration and operate a hybrid working model from our London office. Our teams work onsite 3 days a week (Tuesday to Thursday) and remotely for 2 days, providing flexibility alongside the benefits of working together.","IT Services and IT Consulting","https://uk.linkedin.com/company/insignis-cash-solutions","","","","","",""
"li-4271824543","linkedin","https://www.linkedin.com/jobs/view/4271824543","","Full Stack Developer","Natobotics","London, England, UK","2025-07-24","contract","","","","","","","mid-senior level","","","[]","**Title: Full Stack Developer**
**Location: London, UK**
**Duration : 3 – 6 Months extendable**
**Type: Hybrid (3 days per week onsite)**
**Required Experience 10-15yrs**
**Rate: as per market**
We are seeking a highly skilled Full Stack Developer to join our dynamic team. In this role, you
  
  
will be responsible for developing and designing front end web architecture, ensuring the
  
  
responsiveness of applications, and working alongside graphic designers for web design
  
  
features, among other duties. You will be required to see out a project from conception to final
  
  
product, requiring good organizational skills and attention to detail.
  
  
**Responsibilities**

* Developing front end website architecture and back end website applications.
* Designing user interactions on web pages.
* Creating servers and databases for functionality.
* Ensuring cross-platform optimization for mobile phones.

**Required Skills**

* Proficiency in front-end languages such as HTML, CSS, and JavaScript.
* Strong experience with back-end languages such as Java, Python, Ruby, or .NET.
* Familiarity with database technology such as MySQL, Oracle, and MongoDB.
* A Bachelor's degree in Computer Science, Information Technology, or a related field is

required.
  
  
**Preferred Skills**

* Experience with server-side frameworks such as python's Django, Node.js, or Ruby on

Rails.
  
  

* Knowledge of JavaScript frameworks like Angular JS, React, or Amber.
* Proficiency in version control tools like Git.
* Understanding of cloud architecture and experience with cloud services like AWS,

Google Cloud, or Azure.
  
  

* Knowledge of containerization and virtualization technologies like Docker or Vagrant.
* Familiarity with continuous integration and continuous deployment (CI/CD) pipelines.
* Experience with test-driven development (TDD) and debugging tools.
* Understanding of secure coding practices and experience with security frameworks.
* Knowledge of UI/UX design principles.
* Experience with agile development methodologies like Scrum or Kanban.","IT Services and IT Consulting","https://uk.linkedin.com/company/natobotics","","","","","",""
"li-4268584514","linkedin","https://www.linkedin.com/jobs/view/4268584514","","Software Engineer","Natobotics","London, England, UK","2025-07-22","contract","","","","","","","entry level","","","[]","**Job Title: Software Engineers**
Location: London(Hybrid)
  
  
Job type:Contract
  
  
**Required Skills And Qualifications**

* Strong programming skills:

Proficiency in server-side languages like Java, Python, or Node.js.
  
  

* Data Structures and

Algorithms: Understanding of data structures and algorithms to process and manipulate data effectively.
  
  

* Server-Side Technologies: Knowledge of server-side technologies such as web servers, databases, and APls.
* Experience with web technologies:

Understanding of HTML, JavaScript, CSS, and other web-related technologies.
  
  

* Knowledge of data formats:

Familiarity with JSON, XML, and other data interchange formats.
  
  

* Understanding of server-side tagging principles: Familiarity with the benefits and challenges of server-side tagging.
* Familiarity with cloud computing:

Experience with cloud platforms like
  
  
GCP (Google Cloud Platform) or
  
  
AWS.","IT Services and IT Consulting","https://uk.linkedin.com/company/natobotics","","","","","",""
"li-4269836745","linkedin","https://www.linkedin.com/jobs/view/4269836745","https://grnh.se/k1792p937us&urlHash=UKoL","Frontend Engineer","Kargo","London, England, UK","2025-07-19","fulltime","","","","","","","entry level","","","[]","Kargo unites the world's leading brands, retailers and premium publishers across screens using innovative technology and advanced creative ad formats. At Kargo, we're all about bringing together the best of the best with a spark of creativity to stand out from the crowd. The same is true for our employees. What makes Kargo and each Kargo team member exceptional makes our company special. Kargo believes differences should be celebrated and is committed to diversity in the workplace. As an Equal Opportunity employer, we do not discriminate on the basis of race, color, religion, sex, sexual orientation, gender identity, marital status, age, national origin, protected veteran status, disability or other legally protected status. Individuals with disabilities are provided reasonable accommodation to participate in the job application process, to perform essential job functions, and to receive other benefits and privileges of employment. Please contact us to request accommodation.
  
  
Founded in 2003, Kargo is a global company headquartered in New York with offices around the world.
  
  
**Title: Frontend Developer**
**Job Type: Permanent**
**Job Location: London**
**The Opportunity**
As a Frontend Developer working at Kargo you will have the opportunity to work on cutting edge technologies, delivering engaging user experiences across the desktop and mobile. As part of this role you'll be working on the next generation of media planning and buying tools, finding new and innovative ways to simplify complex workflows. You'll be responsible for helping to guide our overall approach to front-end development and delivering the big little things that really take the user experience to the next level.
  
  
**The Daily To-Do**
**In your day-to-day role, you will be responsible for:**

* Collaborating with your engineering team to architect front-end and back-end interactions and design reusable APIs.
* Delivering industry-changing features that rethink media planning & buying.
* Implementing and refining components within a reusable design system.
* Ensuring code quality and best practices through implementation of continuous integration and delivery.

**Qualifications :**

* Expert in React with a strong focus on functional components and modern patterns (hooks, context, etc.).
* Proficient in Javascript, TypeScript and Node.js.
* Hands-on experience with Next.js, Remix or similar frameworks, including SSR, routing, and performance optimization.
* Familiarity with monorepo tools such as Nx or Turborepo for managing scalable codebases.

**Nice to have:**

* Exposure to backend technologies and systems design.
* Experience with gRPC, Protocol Buffers, or other binary communication protocols.
* CI/CD pipeline familiarity.
* Performance monitoring and front-end observability tools.
* UX/UI sensibility and collaboration with design teams.

**Follow Our Lead**

* Big Picture: kargo.com
* The Latest: Instagram (@kargomobile) and LinkedIn (Kargo)","Advertising Services","https://www.linkedin.com/company/kargo","","","","","",""
"li-4268666445","linkedin","https://www.linkedin.com/jobs/view/4268666445","","Software Engineer (Backend)","Super Payments","London, England, UK","2025-07-17","fulltime","","","","","","","mid-senior level","","","[]","**Super Payments**
Our mission is to
**power free payments for businesses and more rewarding shopping for customers so that everyone wins**
. By removing payment fees and passing savings back to customers, we are disrupting the payments industry while helping businesses increase sales and loyalty.
  
  
**With Buy Now, Pay Later (BNPL) free for merchants and 0% card payment processing**
, Super gives businesses a powerful way to reduce costs, grow sales, and reward customers.
  
  
Already trusted by
**thousands of businesses and more than 2 million customers**
, Super is growing fast, supported by leading investors including Accel, Union Square Ventures and LocalGlobe, and led by
**Samir Desai**
, founder and former CEO of Funding Circle.
  
  
**Our Values**

* **Customer obsessed:**
  We only succeed when our customers do.
* **Move fast**
  : Build, test and improve quickly. Progress matters more than perfection.
* **Own it**
  : Be accountable, solve problems, and make it happen.
* **Be open**
  : Act with honesty and respect. Transparency builds trust.
* **Win together**
  : Collaboration beats ego every time.

**Our Technology**
We leverage the latest tools and technologies to create a seamless, customer-centric digital experience. Our core stack is built around Node.js, TypeScript, and NestJS, with a front-end powered by React. We deploy using AWS cloud services and Kubernetes, ensuring scalability and resilience. Infrastructure as Code is fundamental to our approach, and we use Terraform to manage our cloud resources.
  
  
Our architecture is cloud-native, event-driven, and distributed, built on Amazon EventBridge and SQS, with services exposed via REST.
  
  
We are driven by data science, machine learning, and analytics, using multi-variant testing to personalise user experiences across every digital channel.
  
  
However, it's not just about the technology. We are passionate about continuous delivery, automation, and rapid iteration. Our deployment pipeline is fully automated, covering everything from branching, building, testing, and shipping to monitoring and alerting—allowing us to focus on delivering value to our customers.
  
  
Technology is at the heart of our business, and we value diverse perspectives. Bring your ideas, experience, and problem-solving mindset—we'll navigate obstacles together.
  
  
**What You'll Be Doing**

* Working on the design and evolution of our B2B API, personalisation and payments infrastructure.
* Collaborating with UX and product teams in discovery, ideation, and problem-solving.
* Contributing to engineering-wide initiatives, participating in technical discussions, architecture decisions, and best practice sharing.
* Developing a deep understanding of our business, customers, and domain—applying your judgement to make autonomous decisions.
* Supporting the growth of our engineering community, sharing knowledge through pairing, talks, and external speaking opportunities.

We'd love to hear from you if you:
  
  

* Have at least 5 years of experience in software engineering.
* Have worked in Financial Services in areas like payments, wealth management, or banking.
* Or have experience in payments infrastructure (e.g., eCommerce) or at a high-volume transaction scale-up (e.g., betting, gaming, or streaming).
* Have a delivery-focused mindset, using agile practices to drive team success.
* Bring experience with a variety of programming languages.
* Are willing to work with Node.js, TypeScript, NestJS, and AWS cloud technologies.
* Have experience designing and provisioning cloud-based infrastructure, using Infrastructure as Code (Terraform).
* Ideally, have worked with Kubernetes and understand the fundamentals of containerised deployments.
* Have built and supported publicly accessible REST APIs.
* Understand application development, continuous delivery, test automation, and security within distributed services.
* Have a track record of improving code quality, performance, stability, and scalability.
* Are comfortable working in a fast-paced, evolving start-up environment.
* Can work independently, tackling ambiguous challenges and driving solutions forward

**Our Benefits - here's a few and more to come ….**

* Tax advantage Share Options
* Choice of Laptop - Macbook or Windows
* Flexible working model
* Work from home set up
* Learning & Development opportunities
* Contributory Pension Scheme
* Team lunch and social evenings
* Your birthday off, plus one Revival day
* Referral bonus (£2,000)

If you are excited about sharing the adventure, joining a growing team with big ambitions and you are really great at what you do, then apply now!
  
  
**Super Payments is an equal opportunity employer, embracing diversity in all its forms and fostering an inclusive environment. The company will not unlawfully discriminate on grounds of gender, sexual orientation, marital or civil partner status, gender reassignment, race, religion or belief, colour, nationality, ethnic or national origin, disability or age, neurodiversity status, pregnancy or trade union membership.**
**Please let us know if you require any reasonable adjustments at any point during the application and/or recruitment process.**","Financial Services","https://uk.linkedin.com/company/superpayments","","","","","",""
"li-4267259579","linkedin","https://www.linkedin.com/jobs/view/4267259579","","Software Engineer - Backend","Sprout.ai","London, England, UK","2025-07-16","fulltime","","","","","","","mid-senior level","","","[]","**Salary banding:**
£65,000 - £80,000 dependent on experience
  
  
**Working pattern:**
Hybrid; 1-2 days per week in the office
  
  
**Location:**
London
  
  
**About Our Engineering Team**
As a business which has AI at its core, we need to have a reliable, scalable and secure real-time ML platform to deliver our product to customers. The Engineering team makes this happen.
  
  
The team is UK-based, with a significant contingent in London, and is made up of pragmatic, curious and collaborative problem-solvers who are passionate about working with our Data Scientists to build state of the art AI products. Our Software Engineers bring together a diverse range of expertise and backgrounds; what unites us is a desire to learn, a mastery of our discipline and strong technical prowess.
  
  
Our engineers are responsible for all aspects of the software development lifecycle. You will get the opportunity to work across our entire stack building features which deliver AI capabilities to some of the biggest names in the insurance industry.
  
  
We are developing a modern real-time ML platform using technologies like FastAPI, PyTorch, Ray, k8s (helm + flux), Terraform, Postgres, Flink on AWS, React & Typescript. We operate a fully Python stack except for frontend and infrastructure code. We are very big fans of Infrastructure-as-Code and enjoy Agile practices.
  
  
As a team, we're driven by a relentless focus on delivering real value to customers at speed. We embrace modern engineering practices such as automated testing, continuous monitoring, feature flags, and on-demand production-like environments to support frequent, reliable releases.
  
  
Our team is tackling several exciting challenges, including:
  
  

* Deploying all changes, including complex machine learning models, reliably to customers within 15 minutes
* Building a real-time, configuration-driven platform that seamlessly adapts to diverse customer needs
* Ensuring autoscaling and cost-efficient model serving in production, with robust support for ML monitoring and experimentation
* Centralised reporting/metrics for both the business and our customers
* Powering user experience of internal and external users through agentic workflows

**Role Summary**
We are looking for an engineer passionate about developer enablement and infrastructure as code, who is eager to expand their expertise by contributing to impactful product features. You'll play a key role in improving the lives of millions of insurance policyholders globally, working with a modern and powerful technology stack that includes:
  
  

* Python for application development
* Terraform for AWS infrastructure provisioning
* Kubernetes (with Helm and Flux) for managing services
* GitLab for CI/CD and version control
* AWS as our infrastructure platform
* PostgreSQL for application data and event sourcing architecture
* Apache Flink for real-time service interactions and state management

**Responsibilities**

* Collaborate with Engineers, Product Managers, and the Engagement team to understand problem spaces, contribute to solution design, and support the development of our product
* Take responsibility for maintaining and improving parts of our backend stack, following engineering best practices
* Write robust and well-tested code, including unit, integration, and end-to-end automated tests for backend services that power customer-facing features
* Participate in code reviews, share feedback with peers, and stay informed about emerging backend technologies and patterns
* Contribute to platform-related work, using infrastructure-as-code tools (AWS, Terraform, Kubernetes) to help keep our systems reliable and scalable
* Support the growth of the team by sharing knowledge and collaborating closely with engineers and data scientists
* Help improve engineering workflows and contribute ideas for refining team processes and delivery methods
* Play a role in feature rollouts by using feature flags, monitoring metrics, and responding to logs and alerts
* Embody and promote the Engineering and Sprout company values in your day-to-day work

**Requirements**

* Technical proficiency

+ Solid proficiency in software architecture using Python and FastAPI
+ Experience working in fully cloud-hosted environments (e.g. AWS)
+ Solid RDBMS experience, preferably with PostgreSQL
+ Experience building RESTful APIs (e.g. FastAPI) and real-time data processing pipelines
+ Bonus points for experience with Kubernetes, Apache Flink, Flux or Infrastructure-as-Code frameworks (e.g. Terraform)

* Experience of maintaining your own code in a production environment
* A good foundational understanding of modern software development lifecycles, including code quality, pull requests, code reviews, CI/CD, QA, and production releases in an agile, fast-paced environment
* Strong problem-solving skills with the ability to think critically and creatively
* Collaborative by nature, with excellent communication and teamwork abilities
* Self-motivated, with a strong sense of ownership and accountability

**Sprout.ai Values**
🌱 Hungry for Growth - Unleash your inner Sprout: Sprouts embrace growth, forget comfort zones, and help Sprout.ai thrive.
  
  
🚚 Own It, Deliver It - We commit, we deliver, and we exceed expectations - it's how we achieve outstanding outcomes for our customers.
  
  
🌳 Seed Innovation - The future is shaped by those who dare to innovate. We embrace this mindset, planting the seeds for future growth, experimenting fearlessly and taking bold actions that unleash our ability to scale.
  
  
🤝 Collaborate to Blossom - We cultivate collaboration, working together to create a vibrant and diverse ecosystem where every Sprout can thrive. It drives better results, and creates a better environment for us all.
  
  
**Engineering Values**
In addition to our company-wide values, these are some of the values within the Engineering team that define how we work and grow together:
  
  
🔧 Value-Driven Development - We avoid premature optimisation and focus on delivering value to our customers based on known requirements.
  
  
🚀 Proactive Mindset - We embrace the philosophy of asking for forgiveness rather than permission, encouraging innovation and swift action.
  
  
⚡ Efficient Decision-Making - We optimise towards faster decision-making processes, distinguishing between reversible (two-way doors) and irreversible (one-way doors) decisions.
  
  
🤝 Equality of Opportunity - We strive to provide equality of opportunity for all team members, regardless of title or position, fostering a collaborative and inclusive environment.
  
  
**Compensation, Benefits And Perks**

* Salary banding: £65,000 - £80,000 dependent on experience. Annual pay reviews
* Sprout.ai Share Options
* 28 days' annual leave (plus bank holidays)
* Hybrid working with 3 days per week working from home
* Private Health Insurance + Dental Insurance
* Learning and Development budget
* Monthly socials, both in London and Virtual
* WeWork perks - barista, social events, snacks etc
* Macbook Pro + home working setup

**About Sprout.ai**
Founded in London in 2018, Sprout.ai was born from a simple belief: insurers should be there for policyholders in their time of need. Long delays, manual processes and outdated systems meant customers were often left waiting weeks for outcomes at their most vulnerable moments. We set out to change that.
  
  
Today, Sprout.ai is redefining insurance automation for insurers. Acting as the intelligence layer at the heart of operations, we bring advanced AI, digitisation, and data-driven processes to transform how claims and underwriting decisions are made.
  
  
Our mission is to make every interaction between insurers and policyholders accurate, fast, and fair, and our vision is to become the world's most trusted insurance intelligence partner, powering billions of safe, explainable decisions for global insurers.
  
  
Sprout.ai integrates seamlessly into existing systems to deliver real-time claims automation and actionable insights, enabling expert teams to focus on complex cases with speed and empathy. Insurers use our platform to overcome legacy challenges, cost pressures, fraud risk, and regulatory demands, achieving tangible results including:
  
  

* Up to two-thirds of claims processed automatically
* 99% accuracy
* Significant gains in customer satisfaction and operational efficiency

Backed by leading insurers and recognised with industry awards and ISO 27001 certification, Sprout,ai is the insurance intelligence automation platform injecting insights into claims and underwriting — changing insurance, for good.","IT Services and IT Consulting","https://uk.linkedin.com/company/sproutai","","","","","",""
"li-4199347753","linkedin","https://www.linkedin.com/jobs/view/4199347753","https://tdg-global.net/careers/open-positions/software-developer-net-3/&urlHash=XUQO","Software Developer (.Net)","TDG Türkiye","London, England, UK","2025-04-04","parttime","","","","","","","entry level","","","[]","London, UK
  
  
Position Ref. ID: 72
  
  
TDG System Integration is looking for new colleagues for our team, who will support us as Software Developer with following tasks;
  
  

* Develop quality software and web applications
* Analyze and maintain existing software applications
* Discover and fix programming bugs
* Ensure high quality documentation of the software

**Qualifications**

* Min. 2 years of experience on .Net, C#, WCF, SQL, HTML5, PHP
* Bachelor’s degree or equivalent experience in Computer Science or related field
* Development experience with programming languages
* Strong analytical and communication skills with a result-oriented and self-motivated profile
* Part-time engagement

**About TDG**
Careers
  
  
Wellbeing at Work
  
  
Corporate Responsibility & Sustainability
  
  
Blogroom
  
  
Governance
  
  
Latest News
  
  
**Click to apply for this position.**

* Please review Open Positions Web Page for current job posting.","IT Services and IT Consulting","https://tr.linkedin.com/company/tdg---technology-development-group","","","","","",""
"li-3955668958","linkedin","https://www.linkedin.com/jobs/view/3955668958","https://www.ycombinator.com/companies/humaans/jobs/BM2L6rb-software-engineer-full-stack?utm_source=syn_li&urlHash=FoMG","Software Engineer (Full Stack)","Humaans","London, England, UK","2024-06-21","fulltime","","","","","","","mid-senior level","","","[]","**About Us**
Hi, we’re Humaans! We help globally scaling organisations transform their HR processes with a human-centric approach.
  
  
At Humaans, we want to empower People teams to create a customisable HR stack by offering flexibility and scalability to seamlessly integrate with other best in class platforms and point solutions, such as Google Workplace, Slack, Okta, Greenhouse, Lattice, DocuSign and more. The stack enables companies to manage employee data, documents, contracts, reporting, and people processes that power your entire HR structure.
  
  
We have raised $20 million in VC funding to date. Investors include major tech players such as Lachy Groom; Slack founder Stewart Butterfield; Shopify founder Tobias Lütke; Figma Founder Dylan Field; Linkedin ex-CEO Jeff Weiner; Stripe COO Claire Johnson; Y Combinator; Moonfire; Frontline Ventures; Exor and more.
  
  
Our journey is only at the beginning, and we’re looking for people excited about driving real impact. As a human centred company (quite literally), every team member counts - and that’s where you come in.
  
  
Our tech stack
  
  
Our tech stack today consists of TypeScript, JavaScript, ReScript, React.js, Node.js, Postgres and Redis. We use GitHub for code and continuous integration to deploy to Kubernetes on Google Cloud Platform. We have a public REST API and our browser client uses a realtime WebSocket API. We obsess over details and quality of the user facing features and their implementation. Yet we move fast by creating focus and leveraging high quality foundations. Clojure, ReScript, Melange and OCaml are some of the languages that get us excited which is why we’ve ventured into exploring ReScript in our frontend stack.
  
  
Your day to day
  
  

* Help us shape the product from definition to release
* Build end to end features, fix bugs, improve infra, support customers
* Write backend TypeScript in Node.js, Postgres, Redis, Kubernetes
* Write frontend ReScript / JavaScript in React.js
* Expand our 3rd party integration marketplace
* Contribute to our technical architecture planning
* Support sales and marketing teams

**Skills**

* Multiple years of industry experience in a full stack web app development role (ideally in SaaS)
* Great knowledge of TypeScript / JavaScript and an appreciation for the language
* Appreciation for design and digital product craftsmanship
* Experience collaborating directly with product teams and designers, and a proven track record of delivering value to customers or users

This is an in-person role based at our Central London office (Chancery Lane). Our team comes together in the office on Tuesdays, Wednesdays, and Thursdays to fuel collaboration and connection.
  
  
Package & Benefits
  
  
Early stage startups can be messy – we know that. We're putting effort in providing you with the best employee experience and a quality driven environment in exchange for trusting us.
  
  
💰
**Salary.**
Competitive compensation.
  
  
📈
**Equity.**
Meaningful equity so that you own part of the company.
  
  
🏝️
**Time off.**
25 days of paid time off per year plus public holidays.
  
  
🆘
**Health.**
Bupa Private health and dental insurance.
  
  
💻
**Technology.**
A brand new MacBook.
  
  
🎒
**Learning and development.**
Budget for books and other resources you need.
  
  
Why Join Humaans Today?
  
  
🚀
**Transform an Entire Industry.**
HR tech is ripe for disruption, and we're leading the charge. Traditional HR products are clunky, slow, and fail to deliver a seamless experience. Businesses are tired of outdated, fragmented solutions that don’t scale. Humaans is here to disrupt that status quo with powerful, scalable solutions that work for every part of the organization.
  
  
🌍
**Tackle a Game-Changing Challenge.**
HR Tech used to be overlooked – not anymore. The way people work is evolving faster than ever, and the needs of global companies are changing in real-time. Humaans is at the forefront of this change, reshaping how businesses operate and empowering teams everywhere.
  
  
🔥
**Work in a Quality-First Culture.**
At Humaans, we’re obsessed with delivering top-notch user experiences. Every decision we make is guided by our dedication to design, performance, and customer experience.
  
  
⚡
**Accelerate Your Career.**
Joining us at this stage means you’ll be growing alongside the company. We’re learning together, shaping the future of HR tech, and offering you an unmatched opportunity for personal and professional growth.
  
  
💎
**Backed by the Best.**
We’re proud to have the support of legendary investors and tech leaders, including Y Combinator and Lachy Groom, the founders of Slack, Shopify, and Figma, Asana’s former CRO, the former CEO of LinkedIn and more. With this powerhouse backing, we’re set to building something truly special.
  
  
Our Commitment to Diversity
  
  
At Humaans we’re looking for genuinely good people that are transparent and emphatic. We’re committed to providing equal opportunities, a diverse and inclusive work environment, and ensuring a fair interview process for everyone. You’re welcome to apply no matter your gender, ethnicity, sexual orientation, religion, civil or family status, age, disability, or race.
  
  
Privacy notice
  
  
We care about your privacy. When you apply for a role at Humaans, we’ll collect and process your personal data as part of our recruitment process. This includes things like your CV, contact details, and any other information you choose to share. We may also contact you about future opportunities. You can ask us to delete your data at any time. For more details, see our Privacy Policy.","Software Development","https://uk.linkedin.com/company/humaans","","","","","",""
"li-4321733281","linkedin","https://www.linkedin.com/jobs/view/4321733281","","Junior Software Engineer","hackajob","London, England, UK","","fulltime","","","","","","","entry level","","","[]","***hackajob**
is collaborating with
**Third Bridge Group**
to connect them with exceptional tech professionals for this role.*
**Job Description**
Technology is at the core of all our products and services. We map, capture and distribute knowledge at scale, which translates on the tech side into a wide gamut of complex problems to solve. To keep looking for better ways to fill our clients needs, we have a dedicated R&D team spearheading new product concepts, working alongside our main technology team which maintains existing products.
  
  
The R&D team covers, autonomously, all aspects of the product development, from ideation and business model to market launch. You will be part of a closely knit cross-functional team that has direct access to all internal and external stakeholders at any level.
  
  
**Responsibilities**
The Junior Software Engineer will work alongside senior engineers to design, develop, and maintain software applications. This role offers hands-on experience with both front-end and back-end development, including microservices, aws, react, next js. The junior software engineer will contribute to various stages of the software development lifecycle and gain exposure to a variety of technologies. Strong problem-solving skills, experience with programming languages like typescript, SQL. This position provides a collaborative, growth-oriented environment for learning and professional development. The junior software engineer will be involved in impactful, real-world projects and will have the opportunity to expand their technical skills while working with an innovative team. This is an exciting opportunity to gain valuable experience and contribute to meaningful software solutions.
  
  
**Qualifications**

* Fluent in a range of technologies wide enough to create complete functional products
* Extensive Web technologies knowledge from client to server-side
* Knowledge in node.js, React, Python, various SQL flavours, Elastic, common AI frameworks, cloud DevOps is a plus but not a dealbreaker
* Knowledge and methodology to make the right technical and technological choices
* Algorithmics foundation
* Ability to have an end-to-end understanding of the products","Software Development","https://uk.linkedin.com/company/hackajob","","","","","",""
